Sample,OD600,Time_s
P21.F9_noMC,0.1113,0
P21.F9_noMC,0.108,927.268
P21.F9_noMC,0.1044,1859.687
P21.F9_noMC,0.111,2792.16
P21.F9_noMC,0.1166,3724.632
P21.F9_noMC,0.1208,4657.102
P21.F9_noMC,0.1258,5589.631
P21.F9_noMC,0.1378,6522.193
P21.F9_noMC,0.1553,7454.487
P21.F9_noMC,0.1762,8386.937
P21.F9_noMC,0.1984,9319.439
P21.F9_noMC,0.2238,10251.889
P21.F9_noMC,0.2499,11184.439
P21.F9_noMC,0.2836,12116.883
P21.F9_noMC,0.3052,13049.281
P21.F9_noMC,0.327,13981.655
P21.F9_noMC,0.3389,14914.142
P21.F9_noMC,0.3596,15846.702
P21.F9_noMC,0.3807,16779.28
P21.F9_noMC,0.4012,17711.855
P21.F9_noMC,0.4266,18644.329
P21.F9_noMC,0.448,19576.844
P21.F9_noMC,0.4669,20509.373
P21.F9_noMC,0.4875,21441.922
P21.F9_noMC,0.5037,22374.504
P21.F9_noMC,0.5125,23307.015
P21.F9_noMC,0.5271,24239.47
P21.F9_noMC,0.5364,25171.902
P21.F9_noMC,0.5492,26104.468
P21.F9_noMC,0.5624,27037.057
P21.F9_noMC,0.5878,27969.65
P21.F9_noMC,0.6008,28902.088
P21.F9_noMC,0.6069,29834.682
P21.F9_noMC,0.6435,30767.242
P21.F9_noMC,0.6472,31699.776
P21.F9_noMC,0.6685,32632.176
P21.F9_noMC,0.6642,33564.472
P21.F9_noMC,0.6659,34496.941
P21.F9_noMC,0.664,35429.418
P21.F9_noMC,0.6714,36361.963
P21.F9_noMC,0.6632,37294.415
P21.F9_noMC,0.6678,38226.892
P21.F9_noMC,0.6479,39159.364
P21.F9_noMC,0.6587,40091.808
P21.F9_noMC,0.6642,41024.249
P21.F9_noMC,0.6622,41956.683
P21.F9_noMC,0.6715,42889.133
P21.F9_noMC,0.699,43821.583
P21.F9_noMC,0.7096,44754.073
P21.F9_noMC,0.7155,45686.536
P21.F9_noMC,0.7267,46618.992
P21.F9_noMC,0.7316,47551.547
P21.F9_noMC,0.7323,48483.921
P21.F9_noMC,0.736,49416.364
P21.F9_noMC,0.737,50348.834
P21.F9_noMC,0.7397,51281.358
P21.F9_noMC,0.7403,52213.762
P21.F9_noMC,0.7576,53146.312
P21.F9_noMC,0.7726,54078.693
P21.F9_noMC,0.7869,55011.144
P21.F9_noMC,0.7969,55943.634
P21.F9_noMC,0.8025,56876.186
P21.F9_noMC,0.806,57808.624
P21.F9_noMC,0.8094,58741.026
P21.F9_noMC,0.808,59673.323
P21.F9_noMC,0.8033,60605.752
P21.F9_noMC,0.801,61538.212
P21.F9_noMC,0.7971,62470.619
P21.F9_noMC,0.791,63403.101
P21.F9_noMC,0.7835,64335.647
P21.F9_noMC,0.7706,65268.122
P21.F9_noMC,0.7669,66200.595
P21.F9_noMC,0.7635,67133.085
P21.F9_noMC,0.7637,68065.552
P21.F9_noMC,0.7694,68998.018
P21.F9_noMC,0.7795,69930.555
P21.F9_noMC,0.7805,70863.021
P21.F9_noMC,0.7885,71795.421
P21.F9_noMC,0.7891,72727.925
P21.F9_noMC,0.7865,73660.508
P21.F9_noMC,0.1154,0
P21.F9_noMC,0.11,927.268
P21.F9_noMC,0.1085,1859.687
P21.F9_noMC,0.1154,2792.16
P21.F9_noMC,0.1213,3724.632
P21.F9_noMC,0.1258,4657.102
P21.F9_noMC,0.1319,5589.631
P21.F9_noMC,0.1446,6522.193
P21.F9_noMC,0.1628,7454.487
P21.F9_noMC,0.1831,8386.937
P21.F9_noMC,0.2087,9319.439
P21.F9_noMC,0.236,10251.889
P21.F9_noMC,0.2603,11184.439
P21.F9_noMC,0.2968,12116.883
P21.F9_noMC,0.3155,13049.281
P21.F9_noMC,0.3448,13981.655
P21.F9_noMC,0.3527,14914.142
P21.F9_noMC,0.3764,15846.702
P21.F9_noMC,0.3966,16779.28
P21.F9_noMC,0.4173,17711.855
P21.F9_noMC,0.435,18644.329
P21.F9_noMC,0.4457,19576.844
P21.F9_noMC,0.4699,20509.373
P21.F9_noMC,0.4898,21441.922
P21.F9_noMC,0.5111,22374.504
P21.F9_noMC,0.5215,23307.015
P21.F9_noMC,0.5424,24239.47
P21.F9_noMC,0.5506,25171.902
P21.F9_noMC,0.5647,26104.468
P21.F9_noMC,0.5837,27037.057
P21.F9_noMC,0.6014,27969.65
P21.F9_noMC,0.6229,28902.088
P21.F9_noMC,0.6416,29834.682
P21.F9_noMC,0.6619,30767.242
P21.F9_noMC,0.6657,31699.776
P21.F9_noMC,0.6765,32632.176
P21.F9_noMC,0.6883,33564.472
P21.F9_noMC,0.681,34496.941
P21.F9_noMC,0.6865,35429.418
P21.F9_noMC,0.6778,36361.963
P21.F9_noMC,0.6659,37294.415
P21.F9_noMC,0.6749,38226.892
P21.F9_noMC,0.6557,39159.364
P21.F9_noMC,0.6717,40091.808
P21.F9_noMC,0.6611,41024.249
P21.F9_noMC,0.663,41956.683
P21.F9_noMC,0.673,42889.133
P21.F9_noMC,0.7084,43821.583
P21.F9_noMC,0.7311,44754.073
P21.F9_noMC,0.7423,45686.536
P21.F9_noMC,0.747,46618.992
P21.F9_noMC,0.7442,47551.547
P21.F9_noMC,0.7479,48483.921
P21.F9_noMC,0.7608,49416.364
P21.F9_noMC,0.7714,50348.834
P21.F9_noMC,0.773,51281.358
P21.F9_noMC,0.7793,52213.762
P21.F9_noMC,0.7894,53146.312
P21.F9_noMC,0.8003,54078.693
P21.F9_noMC,0.8088,55011.144
P21.F9_noMC,0.8135,55943.634
P21.F9_noMC,0.8216,56876.186
P21.F9_noMC,0.8223,57808.624
P21.F9_noMC,0.8245,58741.026
P21.F9_noMC,0.8267,59673.323
P21.F9_noMC,0.8278,60605.752
P21.F9_noMC,0.8315,61538.212
P21.F9_noMC,0.836,62470.619
P21.F9_noMC,0.8397,63403.101
P21.F9_noMC,0.841,64335.647
P21.F9_noMC,0.8443,65268.122
P21.F9_noMC,0.8468,66200.595
P21.F9_noMC,0.8484,67133.085
P21.F9_noMC,0.851,68065.552
P21.F9_noMC,0.8543,68998.018
P21.F9_noMC,0.8541,69930.555
P21.F9_noMC,0.8554,70863.021
P21.F9_noMC,0.8582,71795.421
P21.F9_noMC,0.8605,72727.925
P21.F9_noMC,0.8695,73660.508
P21.F9_noMC,0.1204,0
P21.F9_noMC,0.107,927.268
P21.F9_noMC,0.1051,1859.687
P21.F9_noMC,0.1088,2792.16
P21.F9_noMC,0.1127,3724.632
P21.F9_noMC,0.1159,4657.102
P21.F9_noMC,0.12,5589.631
P21.F9_noMC,0.1266,6522.193
P21.F9_noMC,0.1402,7454.487
P21.F9_noMC,0.1568,8386.937
P21.F9_noMC,0.1751,9319.439
P21.F9_noMC,0.194,10251.889
P21.F9_noMC,0.2184,11184.439
P21.F9_noMC,0.2399,12116.883
P21.F9_noMC,0.2616,13049.281
P21.F9_noMC,0.2766,13981.655
P21.F9_noMC,0.2874,14914.142
P21.F9_noMC,0.3013,15846.702
P21.F9_noMC,0.3123,16779.28
P21.F9_noMC,0.3288,17711.855
P21.F9_noMC,0.3438,18644.329
P21.F9_noMC,0.3498,19576.844
P21.F9_noMC,0.3713,20509.373
P21.F9_noMC,0.3809,21441.922
P21.F9_noMC,0.3828,22374.504
P21.F9_noMC,0.4126,23307.015
P21.F9_noMC,0.4268,24239.47
P21.F9_noMC,0.4365,25171.902
P21.F9_noMC,0.4507,26104.468
P21.F9_noMC,0.454,27037.057
P21.F9_noMC,0.4677,27969.65
P21.F9_noMC,0.4775,28902.088
P21.F9_noMC,0.4916,29834.682
P21.F9_noMC,0.508,30767.242
P21.F9_noMC,0.5098,31699.776
P21.F9_noMC,0.5227,32632.176
P21.F9_noMC,0.525,33564.472
P21.F9_noMC,0.5301,34496.941
P21.F9_noMC,0.5376,35429.418
P21.F9_noMC,0.5455,36361.963
P21.F9_noMC,0.5393,37294.415
P21.F9_noMC,0.5501,38226.892
P21.F9_noMC,0.5328,39159.364
P21.F9_noMC,0.5409,40091.808
P21.F9_noMC,0.5428,41024.249
P21.F9_noMC,0.5462,41956.683
P21.F9_noMC,0.5568,42889.133
P21.F9_noMC,0.5594,43821.583
P21.F9_noMC,0.5591,44754.073
P21.F9_noMC,0.5589,45686.536
P21.F9_noMC,0.5598,46618.992
P21.F9_noMC,0.5608,47551.547
P21.F9_noMC,0.5593,48483.921
P21.F9_noMC,0.5605,49416.364
P21.F9_noMC,0.5602,50348.834
P21.F9_noMC,0.5632,51281.358
P21.F9_noMC,0.5634,52213.762
P21.F9_noMC,0.5649,53146.312
P21.F9_noMC,0.5643,54078.693
P21.F9_noMC,0.5638,55011.144
P21.F9_noMC,0.5663,55943.634
P21.F9_noMC,0.5676,56876.186
P21.F9_noMC,0.5683,57808.624
P21.F9_noMC,0.5674,58741.026
P21.F9_noMC,0.5684,59673.323
P21.F9_noMC,0.568,60605.752
P21.F9_noMC,0.5669,61538.212
P21.F9_noMC,0.5684,62470.619
P21.F9_noMC,0.5695,63403.101
P21.F9_noMC,0.5683,64335.647
P21.F9_noMC,0.567,65268.122
P21.F9_noMC,0.569,66200.595
P21.F9_noMC,0.5701,67133.085
P21.F9_noMC,0.5703,68065.552
P21.F9_noMC,0.5719,68998.018
P21.F9_noMC,0.571,69930.555
P21.F9_noMC,0.5746,70863.021
P21.F9_noMC,0.5813,71795.421
P21.F9_noMC,0.5817,72727.925
P21.F9_noMC,0.58,73660.508
P21.F9_MC,0.1272,0
P21.F9_MC,0.1328,927.268
P21.F9_MC,0.1128,1859.687
P21.F9_MC,0.1142,2792.16
P21.F9_MC,0.123,3724.632
P21.F9_MC,0.132,4657.102
P21.F9_MC,0.1392,5589.631
P21.F9_MC,0.1459,6522.193
P21.F9_MC,0.1563,7454.487
P21.F9_MC,0.1693,8386.937
P21.F9_MC,0.1864,9319.439
P21.F9_MC,0.2045,10251.889
P21.F9_MC,0.2272,11184.439
P21.F9_MC,0.2522,12116.883
P21.F9_MC,0.2767,13049.281
P21.F9_MC,0.3018,13981.655
P21.F9_MC,0.3148,14914.142
P21.F9_MC,0.3312,15846.702
P21.F9_MC,0.3466,16779.28
P21.F9_MC,0.3617,17711.855
P21.F9_MC,0.3796,18644.329
P21.F9_MC,0.3906,19576.844
P21.F9_MC,0.4018,20509.373
P21.F9_MC,0.4189,21441.922
P21.F9_MC,0.4292,22374.504
P21.F9_MC,0.4401,23307.015
P21.F9_MC,0.4553,24239.47
P21.F9_MC,0.4709,25171.902
P21.F9_MC,0.4748,26104.468
P21.F9_MC,0.4983,27037.057
P21.F9_MC,0.5075,27969.65
P21.F9_MC,0.5158,28902.088
P21.F9_MC,0.5256,29834.682
P21.F9_MC,0.535,30767.242
P21.F9_MC,0.5436,31699.776
P21.F9_MC,0.5481,32632.176
P21.F9_MC,0.5504,33564.472
P21.F9_MC,0.5528,34496.941
P21.F9_MC,0.5465,35429.418
P21.F9_MC,0.5485,36361.963
P21.F9_MC,0.5511,37294.415
P21.F9_MC,0.5506,38226.892
P21.F9_MC,0.5494,39159.364
P21.F9_MC,0.5443,40091.808
P21.F9_MC,0.5433,41024.249
P21.F9_MC,0.5382,41956.683
P21.F9_MC,0.5328,42889.133
P21.F9_MC,0.5297,43821.583
P21.F9_MC,0.5231,44754.073
P21.F9_MC,0.5181,45686.536
P21.F9_MC,0.5168,46618.992
P21.F9_MC,0.5132,47551.547
P21.F9_MC,0.5094,48483.921
P21.F9_MC,0.5069,49416.364
P21.F9_MC,0.5066,50348.834
P21.F9_MC,0.5082,51281.358
P21.F9_MC,0.5117,52213.762
P21.F9_MC,0.5228,53146.312
P21.F9_MC,0.5198,54078.693
P21.F9_MC,0.5032,55011.144
P21.F9_MC,0.4994,55943.634
P21.F9_MC,0.4918,56876.186
P21.F9_MC,0.489,57808.624
P21.F9_MC,0.4865,58741.026
P21.F9_MC,0.4858,59673.323
P21.F9_MC,0.4798,60605.752
P21.F9_MC,0.4725,61538.212
P21.F9_MC,0.4742,62470.619
P21.F9_MC,0.4713,63403.101
P21.F9_MC,0.4642,64335.647
P21.F9_MC,0.4619,65268.122
P21.F9_MC,0.459,66200.595
P21.F9_MC,0.4576,67133.085
P21.F9_MC,0.4545,68065.552
P21.F9_MC,0.4527,68998.018
P21.F9_MC,0.4503,69930.555
P21.F9_MC,0.4466,70863.021
P21.F9_MC,0.4434,71795.421
P21.F9_MC,0.4424,72727.925
P21.F9_MC,0.4389,73660.508
P21.F9_MC,0.1229,0
P21.F9_MC,0.1287,927.268
P21.F9_MC,0.1116,1859.687
P21.F9_MC,0.1125,2792.16
P21.F9_MC,0.1188,3724.632
P21.F9_MC,0.1261,4657.102
P21.F9_MC,0.1339,5589.631
P21.F9_MC,0.1406,6522.193
P21.F9_MC,0.1478,7454.487
P21.F9_MC,0.1591,8386.937
P21.F9_MC,0.174,9319.439
P21.F9_MC,0.1905,10251.889
P21.F9_MC,0.2126,11184.439
P21.F9_MC,0.2334,12116.883
P21.F9_MC,0.2527,13049.281
P21.F9_MC,0.2803,13981.655
P21.F9_MC,0.2964,14914.142
P21.F9_MC,0.3092,15846.702
P21.F9_MC,0.3217,16779.28
P21.F9_MC,0.3398,17711.855
P21.F9_MC,0.3591,18644.329
P21.F9_MC,0.3705,19576.844
P21.F9_MC,0.3826,20509.373
P21.F9_MC,0.3975,21441.922
P21.F9_MC,0.4039,22374.504
P21.F9_MC,0.429,23307.015
P21.F9_MC,0.4329,24239.47
P21.F9_MC,0.4544,25171.902
P21.F9_MC,0.4607,26104.468
P21.F9_MC,0.4723,27037.057
P21.F9_MC,0.4832,27969.65
P21.F9_MC,0.488,28902.088
P21.F9_MC,0.5006,29834.682
P21.F9_MC,0.5102,30767.242
P21.F9_MC,0.5158,31699.776
P21.F9_MC,0.5214,32632.176
P21.F9_MC,0.5276,33564.472
P21.F9_MC,0.5334,34496.941
P21.F9_MC,0.5355,35429.418
P21.F9_MC,0.522,36361.963
P21.F9_MC,0.5271,37294.415
P21.F9_MC,0.5237,38226.892
P21.F9_MC,0.523,39159.364
P21.F9_MC,0.5253,40091.808
P21.F9_MC,0.5281,41024.249
P21.F9_MC,0.5218,41956.683
P21.F9_MC,0.5187,42889.133
P21.F9_MC,0.5135,43821.583
P21.F9_MC,0.5108,44754.073
P21.F9_MC,0.5058,45686.536
P21.F9_MC,0.5018,46618.992
P21.F9_MC,0.4971,47551.547
P21.F9_MC,0.495,48483.921
P21.F9_MC,0.4936,49416.364
P21.F9_MC,0.4904,50348.834
P21.F9_MC,0.4864,51281.358
P21.F9_MC,0.4811,52213.762
P21.F9_MC,0.4787,53146.312
P21.F9_MC,0.4732,54078.693
P21.F9_MC,0.4682,55011.144
P21.F9_MC,0.4651,55943.634
P21.F9_MC,0.4618,56876.186
P21.F9_MC,0.4589,57808.624
P21.F9_MC,0.455,58741.026
P21.F9_MC,0.4512,59673.323
P21.F9_MC,0.4483,60605.752
P21.F9_MC,0.4449,61538.212
P21.F9_MC,0.4413,62470.619
P21.F9_MC,0.4379,63403.101
P21.F9_MC,0.4344,64335.647
P21.F9_MC,0.4312,65268.122
P21.F9_MC,0.4288,66200.595
P21.F9_MC,0.4263,67133.085
P21.F9_MC,0.4253,68065.552
P21.F9_MC,0.423,68998.018
P21.F9_MC,0.4224,69930.555
P21.F9_MC,0.419,70863.021
P21.F9_MC,0.42,71795.421
P21.F9_MC,0.4182,72727.925
P21.F9_MC,0.415,73660.508
P21.F9_MC,0.1204,0
P21.F9_MC,0.1332,927.268
P21.F9_MC,0.1125,1859.687
P21.F9_MC,0.1132,2792.16
P21.F9_MC,0.121,3724.632
P21.F9_MC,0.1301,4657.102
P21.F9_MC,0.138,5589.631
P21.F9_MC,0.1446,6522.193
P21.F9_MC,0.1545,7454.487
P21.F9_MC,0.1686,8386.937
P21.F9_MC,0.1878,9319.439
P21.F9_MC,0.2074,10251.889
P21.F9_MC,0.233,11184.439
P21.F9_MC,0.2616,12116.883
P21.F9_MC,0.2851,13049.281
P21.F9_MC,0.3036,13981.655
P21.F9_MC,0.318,14914.142
P21.F9_MC,0.3332,15846.702
P21.F9_MC,0.3456,16779.28
P21.F9_MC,0.3671,17711.855
P21.F9_MC,0.3956,18644.329
P21.F9_MC,0.4182,19576.844
P21.F9_MC,0.4451,20509.373
P21.F9_MC,0.4723,21441.922
P21.F9_MC,0.4957,22374.504
P21.F9_MC,0.5125,23307.015
P21.F9_MC,0.533,24239.47
P21.F9_MC,0.5554,25171.902
P21.F9_MC,0.5697,26104.468
P21.F9_MC,0.5819,27037.057
P21.F9_MC,0.5973,27969.65
P21.F9_MC,0.6117,28902.088
P21.F9_MC,0.6335,29834.682
P21.F9_MC,0.645,30767.242
P21.F9_MC,0.6519,31699.776
P21.F9_MC,0.6666,32632.176
P21.F9_MC,0.6736,33564.472
P21.F9_MC,0.6795,34496.941
P21.F9_MC,0.6818,35429.418
P21.F9_MC,0.6861,36361.963
P21.F9_MC,0.6871,37294.415
P21.F9_MC,0.6842,38226.892
P21.F9_MC,0.6866,39159.364
P21.F9_MC,0.6918,40091.808
P21.F9_MC,0.6867,41024.249
P21.F9_MC,0.6843,41956.683
P21.F9_MC,0.6898,42889.133
P21.F9_MC,0.688,43821.583
P21.F9_MC,0.683,44754.073
P21.F9_MC,0.6833,45686.536
P21.F9_MC,0.6776,46618.992
P21.F9_MC,0.6791,47551.547
P21.F9_MC,0.6779,48483.921
P21.F9_MC,0.6774,49416.364
P21.F9_MC,0.6772,50348.834
P21.F9_MC,0.6784,51281.358
P21.F9_MC,0.688,52213.762
P21.F9_MC,0.6801,53146.312
P21.F9_MC,0.6707,54078.693
P21.F9_MC,0.6638,55011.144
P21.F9_MC,0.6536,55943.634
P21.F9_MC,0.6455,56876.186
P21.F9_MC,0.6497,57808.624
P21.F9_MC,0.644,58741.026
P21.F9_MC,0.6442,59673.323
P21.F9_MC,0.642,60605.752
P21.F9_MC,0.6399,61538.212
P21.F9_MC,0.6417,62470.619
P21.F9_MC,0.6474,63403.101
P21.F9_MC,0.6493,64335.647
P21.F9_MC,0.651,65268.122
P21.F9_MC,0.6457,66200.595
P21.F9_MC,0.651,67133.085
P21.F9_MC,0.6219,68065.552
P21.F9_MC,0.6256,68998.018
P21.F9_MC,0.6287,69930.555
P21.F9_MC,0.6492,70863.021
P21.F9_MC,0.6262,71795.421
P21.F9_MC,0.6298,72727.925
P21.F9_MC,0.6153,73660.508
P13.D10_noMC,0.1181,0
P13.D10_noMC,0.1116,927.268
P13.D10_noMC,0.1087,1859.687
P13.D10_noMC,0.1116,2792.16
P13.D10_noMC,0.1151,3724.632
P13.D10_noMC,0.1196,4657.102
P13.D10_noMC,0.1244,5589.631
P13.D10_noMC,0.1352,6522.193
P13.D10_noMC,0.1554,7454.487
P13.D10_noMC,0.1776,8386.937
P13.D10_noMC,0.2007,9319.439
P13.D10_noMC,0.226,10251.889
P13.D10_noMC,0.247,11184.439
P13.D10_noMC,0.287,12116.883
P13.D10_noMC,0.2932,13049.281
P13.D10_noMC,0.3023,13981.655
P13.D10_noMC,0.3178,14914.142
P13.D10_noMC,0.3332,15846.702
P13.D10_noMC,0.3476,16779.28
P13.D10_noMC,0.369,17711.855
P13.D10_noMC,0.4128,18644.329
P13.D10_noMC,0.4295,19576.844
P13.D10_noMC,0.4573,20509.373
P13.D10_noMC,0.4945,21441.922
P13.D10_noMC,0.48,22374.504
P13.D10_noMC,0.525,23307.015
P13.D10_noMC,0.5267,24239.47
P13.D10_noMC,0.5774,25171.902
P13.D10_noMC,0.5505,26104.468
P13.D10_noMC,0.5792,27037.057
P13.D10_noMC,0.5749,27969.65
P13.D10_noMC,0.5839,28902.088
P13.D10_noMC,0.6056,29834.682
P13.D10_noMC,0.5977,30767.242
P13.D10_noMC,0.5876,31699.776
P13.D10_noMC,0.5955,32632.176
P13.D10_noMC,0.604,33564.472
P13.D10_noMC,0.5952,34496.941
P13.D10_noMC,0.6051,35429.418
P13.D10_noMC,0.6055,36361.963
P13.D10_noMC,0.6236,37294.415
P13.D10_noMC,0.625,38226.892
P13.D10_noMC,0.6501,39159.364
P13.D10_noMC,0.623,40091.808
P13.D10_noMC,0.6264,41024.249
P13.D10_noMC,0.6269,41956.683
P13.D10_noMC,0.6433,42889.133
P13.D10_noMC,0.703,43821.583
P13.D10_noMC,0.6865,44754.073
P13.D10_noMC,0.6937,45686.536
P13.D10_noMC,0.6934,46618.992
P13.D10_noMC,0.6938,47551.547
P13.D10_noMC,0.6785,48483.921
P13.D10_noMC,0.6841,49416.364
P13.D10_noMC,0.6821,50348.834
P13.D10_noMC,0.6667,51281.358
P13.D10_noMC,0.671,52213.762
P13.D10_noMC,0.6669,53146.312
P13.D10_noMC,0.6686,54078.693
P13.D10_noMC,0.6711,55011.144
P13.D10_noMC,0.6829,55943.634
P13.D10_noMC,0.6759,56876.186
P13.D10_noMC,0.6833,57808.624
P13.D10_noMC,0.6835,58741.026
P13.D10_noMC,0.6911,59673.323
P13.D10_noMC,0.6837,60605.752
P13.D10_noMC,0.6978,61538.212
P13.D10_noMC,0.6841,62470.619
P13.D10_noMC,0.6842,63403.101
P13.D10_noMC,0.6861,64335.647
P13.D10_noMC,0.6846,65268.122
P13.D10_noMC,0.6837,66200.595
P13.D10_noMC,0.6851,67133.085
P13.D10_noMC,0.6853,68065.552
P13.D10_noMC,0.789,68998.018
P13.D10_noMC,0.7921,69930.555
P13.D10_noMC,0.6892,70863.021
P13.D10_noMC,0.6864,71795.421
P13.D10_noMC,0.6882,72727.925
P13.D10_noMC,0.7568,73660.508
P13.D10_noMC,0.141,0
P13.D10_noMC,0.1372,927.268
P13.D10_noMC,0.1144,1859.687
P13.D10_noMC,0.1115,2792.16
P13.D10_noMC,0.1128,3724.632
P13.D10_noMC,0.1148,4657.102
P13.D10_noMC,0.1186,5589.631
P13.D10_noMC,0.1277,6522.193
P13.D10_noMC,0.144,7454.487
P13.D10_noMC,0.1647,8386.937
P13.D10_noMC,0.1915,9319.439
P13.D10_noMC,0.2206,10251.889
P13.D10_noMC,0.2516,11184.439
P13.D10_noMC,0.2732,12116.883
P13.D10_noMC,0.2941,13049.281
P13.D10_noMC,0.2999,13981.655
P13.D10_noMC,0.3143,14914.142
P13.D10_noMC,0.3312,15846.702
P13.D10_noMC,0.3475,16779.28
P13.D10_noMC,0.3654,17711.855
P13.D10_noMC,0.3746,18644.329
P13.D10_noMC,0.3932,19576.844
P13.D10_noMC,0.4038,20509.373
P13.D10_noMC,0.423,21441.922
P13.D10_noMC,0.4314,22374.504
P13.D10_noMC,0.4548,23307.015
P13.D10_noMC,0.4577,24239.47
P13.D10_noMC,0.485,25171.902
P13.D10_noMC,0.4883,26104.468
P13.D10_noMC,0.5109,27037.057
P13.D10_noMC,0.516,27969.65
P13.D10_noMC,0.5283,28902.088
P13.D10_noMC,0.5439,29834.682
P13.D10_noMC,0.5596,30767.242
P13.D10_noMC,0.5808,31699.776
P13.D10_noMC,0.6045,32632.176
P13.D10_noMC,0.6081,33564.472
P13.D10_noMC,0.6142,34496.941
P13.D10_noMC,0.6151,35429.418
P13.D10_noMC,0.6265,36361.963
P13.D10_noMC,0.6341,37294.415
P13.D10_noMC,0.6098,38226.892
P13.D10_noMC,0.6161,39159.364
P13.D10_noMC,0.6237,40091.808
P13.D10_noMC,0.6336,41024.249
P13.D10_noMC,0.6438,41956.683
P13.D10_noMC,0.6508,42889.133
P13.D10_noMC,0.6502,43821.583
P13.D10_noMC,0.6511,44754.073
P13.D10_noMC,0.6522,45686.536
P13.D10_noMC,0.6544,46618.992
P13.D10_noMC,0.6517,47551.547
P13.D10_noMC,0.6637,48483.921
P13.D10_noMC,0.6702,49416.364
P13.D10_noMC,0.6633,50348.834
P13.D10_noMC,0.6511,51281.358
P13.D10_noMC,0.6576,52213.762
P13.D10_noMC,0.6523,53146.312
P13.D10_noMC,0.6689,54078.693
P13.D10_noMC,0.6538,55011.144
P13.D10_noMC,0.6625,55943.634
P13.D10_noMC,0.66,56876.186
P13.D10_noMC,0.6663,57808.624
P13.D10_noMC,0.6603,58741.026
P13.D10_noMC,0.657,59673.323
P13.D10_noMC,0.6518,60605.752
P13.D10_noMC,0.6592,61538.212
P13.D10_noMC,0.6562,62470.619
P13.D10_noMC,0.6547,63403.101
P13.D10_noMC,0.6609,64335.647
P13.D10_noMC,0.7006,65268.122
P13.D10_noMC,0.6731,66200.595
P13.D10_noMC,0.6593,67133.085
P13.D10_noMC,0.6555,68065.552
P13.D10_noMC,0.659,68998.018
P13.D10_noMC,0.6973,69930.555
P13.D10_noMC,0.678,70863.021
P13.D10_noMC,0.7318,71795.421
P13.D10_noMC,0.6696,72727.925
P13.D10_noMC,0.6798,73660.508
P13.D10_noMC,0.1321,0
P13.D10_noMC,0.1246,927.268
P13.D10_noMC,0.1164,1859.687
P13.D10_noMC,0.1171,2792.16
P13.D10_noMC,0.1201,3724.632
P13.D10_noMC,0.1229,4657.102
P13.D10_noMC,0.1285,5589.631
P13.D10_noMC,0.1378,6522.193
P13.D10_noMC,0.1578,7454.487
P13.D10_noMC,0.1799,8386.937
P13.D10_noMC,0.2026,9319.439
P13.D10_noMC,0.2282,10251.889
P13.D10_noMC,0.2676,11184.439
P13.D10_noMC,0.2924,12116.883
P13.D10_noMC,0.312,13049.281
P13.D10_noMC,0.334,13981.655
P13.D10_noMC,0.3338,14914.142
P13.D10_noMC,0.3634,15846.702
P13.D10_noMC,0.3919,16779.28
P13.D10_noMC,0.4043,17711.855
P13.D10_noMC,0.4272,18644.329
P13.D10_noMC,0.4561,19576.844
P13.D10_noMC,0.466,20509.373
P13.D10_noMC,0.4907,21441.922
P13.D10_noMC,0.5033,22374.504
P13.D10_noMC,0.522,23307.015
P13.D10_noMC,0.5337,24239.47
P13.D10_noMC,0.5478,25171.902
P13.D10_noMC,0.5602,26104.468
P13.D10_noMC,0.5725,27037.057
P13.D10_noMC,0.589,27969.65
P13.D10_noMC,0.6064,28902.088
P13.D10_noMC,0.6098,29834.682
P13.D10_noMC,0.6252,30767.242
P13.D10_noMC,0.6342,31699.776
P13.D10_noMC,0.6456,32632.176
P13.D10_noMC,0.6526,33564.472
P13.D10_noMC,0.6533,34496.941
P13.D10_noMC,0.6645,35429.418
P13.D10_noMC,0.6828,36361.963
P13.D10_noMC,0.6717,37294.415
P13.D10_noMC,0.6582,38226.892
P13.D10_noMC,0.6609,39159.364
P13.D10_noMC,0.6433,40091.808
P13.D10_noMC,0.6486,41024.249
P13.D10_noMC,0.65,41956.683
P13.D10_noMC,0.6621,42889.133
P13.D10_noMC,0.6759,43821.583
P13.D10_noMC,0.6793,44754.073
P13.D10_noMC,0.6817,45686.536
P13.D10_noMC,0.6816,46618.992
P13.D10_noMC,0.6847,47551.547
P13.D10_noMC,0.6834,48483.921
P13.D10_noMC,0.6844,49416.364
P13.D10_noMC,0.6861,50348.834
P13.D10_noMC,0.6905,51281.358
P13.D10_noMC,0.69,52213.762
P13.D10_noMC,0.6897,53146.312
P13.D10_noMC,0.7052,54078.693
P13.D10_noMC,0.6929,55011.144
P13.D10_noMC,0.6904,55943.634
P13.D10_noMC,0.6957,56876.186
P13.D10_noMC,0.6949,57808.624
P13.D10_noMC,0.7026,58741.026
P13.D10_noMC,0.6971,59673.323
P13.D10_noMC,0.6969,60605.752
P13.D10_noMC,0.6955,61538.212
P13.D10_noMC,0.6965,62470.619
P13.D10_noMC,0.693,63403.101
P13.D10_noMC,0.6937,64335.647
P13.D10_noMC,0.6981,65268.122
P13.D10_noMC,0.6956,66200.595
P13.D10_noMC,0.7016,67133.085
P13.D10_noMC,0.7058,68065.552
P13.D10_noMC,0.6996,68998.018
P13.D10_noMC,0.7099,69930.555
P13.D10_noMC,0.7028,70863.021
P13.D10_noMC,0.7061,71795.421
P13.D10_noMC,0.7011,72727.925
P13.D10_noMC,0.7012,73660.508
P13.D10_MC,0.1192,0
P13.D10_MC,0.1218,927.268
P13.D10_MC,0.1128,1859.687
P13.D10_MC,0.1115,2792.16
P13.D10_MC,0.1138,3724.632
P13.D10_MC,0.1174,4657.102
P13.D10_MC,0.1233,5589.631
P13.D10_MC,0.1313,6522.193
P13.D10_MC,0.1435,7454.487
P13.D10_MC,0.1638,8386.937
P13.D10_MC,0.1838,9319.439
P13.D10_MC,0.2134,10251.889
P13.D10_MC,0.2354,11184.439
P13.D10_MC,0.272,12116.883
P13.D10_MC,0.296,13049.281
P13.D10_MC,0.3089,13981.655
P13.D10_MC,0.3258,14914.142
P13.D10_MC,0.3478,15846.702
P13.D10_MC,0.3656,16779.28
P13.D10_MC,0.381,17711.855
P13.D10_MC,0.4275,18644.329
P13.D10_MC,0.4365,19576.844
P13.D10_MC,0.452,20509.373
P13.D10_MC,0.473,21441.922
P13.D10_MC,0.4751,22374.504
P13.D10_MC,0.5021,23307.015
P13.D10_MC,0.502,24239.47
P13.D10_MC,0.5361,25171.902
P13.D10_MC,0.5337,26104.468
P13.D10_MC,0.5606,27037.057
P13.D10_MC,0.5646,27969.65
P13.D10_MC,0.5805,28902.088
P13.D10_MC,0.5819,29834.682
P13.D10_MC,0.5897,30767.242
P13.D10_MC,0.5945,31699.776
P13.D10_MC,0.6087,32632.176
P13.D10_MC,0.5977,33564.472
P13.D10_MC,0.5998,34496.941
P13.D10_MC,0.6102,35429.418
P13.D10_MC,0.6127,36361.963
P13.D10_MC,0.6208,37294.415
P13.D10_MC,0.625,38226.892
P13.D10_MC,0.6178,39159.364
P13.D10_MC,0.6261,40091.808
P13.D10_MC,0.6331,41024.249
P13.D10_MC,0.6362,41956.683
P13.D10_MC,0.6455,42889.133
P13.D10_MC,0.6332,43821.583
P13.D10_MC,0.6021,44754.073
P13.D10_MC,0.6025,45686.536
P13.D10_MC,0.6004,46618.992
P13.D10_MC,0.5954,47551.547
P13.D10_MC,0.5897,48483.921
P13.D10_MC,0.5953,49416.364
P13.D10_MC,0.5722,50348.834
P13.D10_MC,0.5691,51281.358
P13.D10_MC,0.5633,52213.762
P13.D10_MC,0.5611,53146.312
P13.D10_MC,0.5529,54078.693
P13.D10_MC,0.5491,55011.144
P13.D10_MC,0.5476,55943.634
P13.D10_MC,0.535,56876.186
P13.D10_MC,0.5256,57808.624
P13.D10_MC,0.5189,58741.026
P13.D10_MC,0.5136,59673.323
P13.D10_MC,0.5081,60605.752
P13.D10_MC,0.5045,61538.212
P13.D10_MC,0.4993,62470.619
P13.D10_MC,0.4957,63403.101
P13.D10_MC,0.4934,64335.647
P13.D10_MC,0.4856,65268.122
P13.D10_MC,0.4865,66200.595
P13.D10_MC,0.4863,67133.085
P13.D10_MC,0.483,68065.552
P13.D10_MC,0.4763,68998.018
P13.D10_MC,0.4768,69930.555
P13.D10_MC,0.4721,70863.021
P13.D10_MC,0.4684,71795.421
P13.D10_MC,0.4646,72727.925
P13.D10_MC,0.4608,73660.508
P13.D10_MC,0.121,0
P13.D10_MC,0.1249,927.268
P13.D10_MC,0.1133,1859.687
P13.D10_MC,0.1116,2792.16
P13.D10_MC,0.1138,3724.632
P13.D10_MC,0.1174,4657.102
P13.D10_MC,0.1226,5589.631
P13.D10_MC,0.1295,6522.193
P13.D10_MC,0.1408,7454.487
P13.D10_MC,0.162,8386.937
P13.D10_MC,0.1805,9319.439
P13.D10_MC,0.2074,10251.889
P13.D10_MC,0.2287,11184.439
P13.D10_MC,0.2575,12116.883
P13.D10_MC,0.2813,13049.281
P13.D10_MC,0.2832,13981.655
P13.D10_MC,0.2916,14914.142
P13.D10_MC,0.3191,15846.702
P13.D10_MC,0.341,16779.28
P13.D10_MC,0.3634,17711.855
P13.D10_MC,0.3859,18644.329
P13.D10_MC,0.3998,19576.844
P13.D10_MC,0.4138,20509.373
P13.D10_MC,0.4371,21441.922
P13.D10_MC,0.4494,22374.504
P13.D10_MC,0.4644,23307.015
P13.D10_MC,0.4838,24239.47
P13.D10_MC,0.4895,25171.902
P13.D10_MC,0.4996,26104.468
P13.D10_MC,0.5213,27037.057
P13.D10_MC,0.5318,27969.65
P13.D10_MC,0.5435,28902.088
P13.D10_MC,0.5538,29834.682
P13.D10_MC,0.5676,30767.242
P13.D10_MC,0.5674,31699.776
P13.D10_MC,0.5732,32632.176
P13.D10_MC,0.582,33564.472
P13.D10_MC,0.5775,34496.941
P13.D10_MC,0.5785,35429.418
P13.D10_MC,0.5801,36361.963
P13.D10_MC,0.5796,37294.415
P13.D10_MC,0.5798,38226.892
P13.D10_MC,0.5677,39159.364
P13.D10_MC,0.57,40091.808
P13.D10_MC,0.568,41024.249
P13.D10_MC,0.5737,41956.683
P13.D10_MC,0.5757,42889.133
P13.D10_MC,0.5736,43821.583
P13.D10_MC,0.5714,44754.073
P13.D10_MC,0.5691,45686.536
P13.D10_MC,0.5667,46618.992
P13.D10_MC,0.5662,47551.547
P13.D10_MC,0.5551,48483.921
P13.D10_MC,0.5534,49416.364
P13.D10_MC,0.5384,50348.834
P13.D10_MC,0.5311,51281.358
P13.D10_MC,0.5244,52213.762
P13.D10_MC,0.5165,53146.312
P13.D10_MC,0.5068,54078.693
P13.D10_MC,0.5063,55011.144
P13.D10_MC,0.4957,55943.634
P13.D10_MC,0.4941,56876.186
P13.D10_MC,0.4918,57808.624
P13.D10_MC,0.4858,58741.026
P13.D10_MC,0.4833,59673.323
P13.D10_MC,0.4775,60605.752
P13.D10_MC,0.477,61538.212
P13.D10_MC,0.487,62470.619
P13.D10_MC,0.4778,63403.101
P13.D10_MC,0.4818,64335.647
P13.D10_MC,0.47,65268.122
P13.D10_MC,0.4537,66200.595
P13.D10_MC,0.457,67133.085
P13.D10_MC,0.4566,68065.552
P13.D10_MC,0.4341,68998.018
P13.D10_MC,0.4443,69930.555
P13.D10_MC,0.4278,70863.021
P13.D10_MC,0.4424,71795.421
P13.D10_MC,0.443,72727.925
P13.D10_MC,0.4479,73660.508
P13.D10_MC,0.1224,0
P13.D10_MC,0.1259,927.268
P13.D10_MC,0.1166,1859.687
P13.D10_MC,0.1156,2792.16
P13.D10_MC,0.1178,3724.632
P13.D10_MC,0.1216,4657.102
P13.D10_MC,0.1274,5589.631
P13.D10_MC,0.1355,6522.193
P13.D10_MC,0.1492,7454.487
P13.D10_MC,0.1713,8386.937
P13.D10_MC,0.1939,9319.439
P13.D10_MC,0.2293,10251.889
P13.D10_MC,0.2653,11184.439
P13.D10_MC,0.3014,12116.883
P13.D10_MC,0.3078,13049.281
P13.D10_MC,0.3382,13981.655
P13.D10_MC,0.353,14914.142
P13.D10_MC,0.3708,15846.702
P13.D10_MC,0.3892,16779.28
P13.D10_MC,0.4129,17711.855
P13.D10_MC,0.4332,18644.329
P13.D10_MC,0.4507,19576.844
P13.D10_MC,0.4738,20509.373
P13.D10_MC,0.4935,21441.922
P13.D10_MC,0.5032,22374.504
P13.D10_MC,0.5151,23307.015
P13.D10_MC,0.5276,24239.47
P13.D10_MC,0.5472,25171.902
P13.D10_MC,0.5525,26104.468
P13.D10_MC,0.576,27037.057
P13.D10_MC,0.5826,27969.65
P13.D10_MC,0.5984,28902.088
P13.D10_MC,0.6048,29834.682
P13.D10_MC,0.6148,30767.242
P13.D10_MC,0.6205,31699.776
P13.D10_MC,0.6346,32632.176
P13.D10_MC,0.6399,33564.472
P13.D10_MC,0.6434,34496.941
P13.D10_MC,0.663,35429.418
P13.D10_MC,0.6858,36361.963
P13.D10_MC,0.7145,37294.415
P13.D10_MC,0.7245,38226.892
P13.D10_MC,0.7427,39159.364
P13.D10_MC,0.7557,40091.808
P13.D10_MC,0.7588,41024.249
P13.D10_MC,0.781,41956.683
P13.D10_MC,0.7717,42889.133
P13.D10_MC,0.7725,43821.583
P13.D10_MC,0.7659,44754.073
P13.D10_MC,0.7851,45686.536
P13.D10_MC,0.7646,46618.992
P13.D10_MC,0.7337,47551.547
P13.D10_MC,0.6461,48483.921
P13.D10_MC,0.6184,49416.364
P13.D10_MC,0.6124,50348.834
P13.D10_MC,0.6,51281.358
P13.D10_MC,0.591,52213.762
P13.D10_MC,0.5864,53146.312
P13.D10_MC,0.5763,54078.693
P13.D10_MC,0.5695,55011.144
P13.D10_MC,0.557,55943.634
P13.D10_MC,0.5577,56876.186
P13.D10_MC,0.5518,57808.624
P13.D10_MC,0.5436,58741.026
P13.D10_MC,0.5357,59673.323
P13.D10_MC,0.5277,60605.752
P13.D10_MC,0.5264,61538.212
P13.D10_MC,0.5208,62470.619
P13.D10_MC,0.5187,63403.101
P13.D10_MC,0.5097,64335.647
P13.D10_MC,0.5081,65268.122
P13.D10_MC,0.5073,66200.595
P13.D10_MC,0.5005,67133.085
P13.D10_MC,0.4959,68065.552
P13.D10_MC,0.4884,68998.018
P13.D10_MC,0.4916,69930.555
P13.D10_MC,0.4844,70863.021
P13.D10_MC,0.4846,71795.421
P13.D10_MC,0.4796,72727.925
P13.D10_MC,0.4724,73660.508
P22.B2_noMC,0.1324,0
P22.B2_noMC,0.1238,927.268
P22.B2_noMC,0.1265,1859.687
P22.B2_noMC,0.135,2792.16
P22.B2_noMC,0.1405,3724.632
P22.B2_noMC,0.145,4657.102
P22.B2_noMC,0.151,5589.631
P22.B2_noMC,0.1592,6522.193
P22.B2_noMC,0.1748,7454.487
P22.B2_noMC,0.1986,8386.937
P22.B2_noMC,0.2094,9319.439
P22.B2_noMC,0.2281,10251.889
P22.B2_noMC,0.2471,11184.439
P22.B2_noMC,0.2284,12116.883
P22.B2_noMC,0.2747,13049.281
P22.B2_noMC,0.2828,13981.655
P22.B2_noMC,0.2918,14914.142
P22.B2_noMC,0.2978,15846.702
P22.B2_noMC,0.3144,16779.28
P22.B2_noMC,0.3177,17711.855
P22.B2_noMC,0.3372,18644.329
P22.B2_noMC,0.3378,19576.844
P22.B2_noMC,0.3576,20509.373
P22.B2_noMC,0.3759,21441.922
P22.B2_noMC,0.3725,22374.504
P22.B2_noMC,0.398,23307.015
P22.B2_noMC,0.406,24239.47
P22.B2_noMC,0.4312,25171.902
P22.B2_noMC,0.4427,26104.468
P22.B2_noMC,0.4478,27037.057
P22.B2_noMC,0.4488,27969.65
P22.B2_noMC,0.4651,28902.088
P22.B2_noMC,0.4795,29834.682
P22.B2_noMC,0.4961,30767.242
P22.B2_noMC,0.5116,31699.776
P22.B2_noMC,0.525,32632.176
P22.B2_noMC,0.531,33564.472
P22.B2_noMC,0.5375,34496.941
P22.B2_noMC,0.542,35429.418
P22.B2_noMC,0.5379,36361.963
P22.B2_noMC,0.5527,37294.415
P22.B2_noMC,0.5465,38226.892
P22.B2_noMC,0.5498,39159.364
P22.B2_noMC,0.5565,40091.808
P22.B2_noMC,0.5729,41024.249
P22.B2_noMC,0.5643,41956.683
P22.B2_noMC,0.5615,42889.133
P22.B2_noMC,0.5621,43821.583
P22.B2_noMC,0.5577,44754.073
P22.B2_noMC,0.5583,45686.536
P22.B2_noMC,0.5564,46618.992
P22.B2_noMC,0.5556,47551.547
P22.B2_noMC,0.5548,48483.921
P22.B2_noMC,0.5537,49416.364
P22.B2_noMC,0.5517,50348.834
P22.B2_noMC,0.5508,51281.358
P22.B2_noMC,0.5517,52213.762
P22.B2_noMC,0.5518,53146.312
P22.B2_noMC,0.5516,54078.693
P22.B2_noMC,0.5533,55011.144
P22.B2_noMC,0.5546,55943.634
P22.B2_noMC,0.5553,56876.186
P22.B2_noMC,0.5551,57808.624
P22.B2_noMC,0.5553,58741.026
P22.B2_noMC,0.5576,59673.323
P22.B2_noMC,0.5555,60605.752
P22.B2_noMC,0.5591,61538.212
P22.B2_noMC,0.5586,62470.619
P22.B2_noMC,0.5589,63403.101
P22.B2_noMC,0.5608,64335.647
P22.B2_noMC,0.5614,65268.122
P22.B2_noMC,0.5627,66200.595
P22.B2_noMC,0.5637,67133.085
P22.B2_noMC,0.5615,68065.552
P22.B2_noMC,0.5648,68998.018
P22.B2_noMC,0.5644,69930.555
P22.B2_noMC,0.5642,70863.021
P22.B2_noMC,0.567,71795.421
P22.B2_noMC,0.5696,72727.925
P22.B2_noMC,0.5701,73660.508
P22.B2_noMC,0.137,0
P22.B2_noMC,0.1559,927.268
P22.B2_noMC,0.124,1859.687
P22.B2_noMC,0.1269,2792.16
P22.B2_noMC,0.1318,3724.632
P22.B2_noMC,0.136,4657.102
P22.B2_noMC,0.1381,5589.631
P22.B2_noMC,0.1466,6522.193
P22.B2_noMC,0.1636,7454.487
P22.B2_noMC,0.1794,8386.937
P22.B2_noMC,0.1968,9319.439
P22.B2_noMC,0.2244,10251.889
P22.B2_noMC,0.2387,11184.439
P22.B2_noMC,0.2616,12116.883
P22.B2_noMC,0.2639,13049.281
P22.B2_noMC,0.2797,13981.655
P22.B2_noMC,0.289,14914.142
P22.B2_noMC,0.2932,15846.702
P22.B2_noMC,0.3002,16779.28
P22.B2_noMC,0.3065,17711.855
P22.B2_noMC,0.3304,18644.329
P22.B2_noMC,0.3408,19576.844
P22.B2_noMC,0.3534,20509.373
P22.B2_noMC,0.3633,21441.922
P22.B2_noMC,0.3727,22374.504
P22.B2_noMC,0.3931,23307.015
P22.B2_noMC,0.4032,24239.47
P22.B2_noMC,0.4136,25171.902
P22.B2_noMC,0.4265,26104.468
P22.B2_noMC,0.4365,27037.057
P22.B2_noMC,0.4454,27969.65
P22.B2_noMC,0.4691,28902.088
P22.B2_noMC,0.4747,29834.682
P22.B2_noMC,0.4934,30767.242
P22.B2_noMC,0.496,31699.776
P22.B2_noMC,0.5075,32632.176
P22.B2_noMC,0.5145,33564.472
P22.B2_noMC,0.5122,34496.941
P22.B2_noMC,0.5191,35429.418
P22.B2_noMC,0.5308,36361.963
P22.B2_noMC,0.5263,37294.415
P22.B2_noMC,0.5351,38226.892
P22.B2_noMC,0.5325,39159.364
P22.B2_noMC,0.5413,40091.808
P22.B2_noMC,0.5361,41024.249
P22.B2_noMC,0.5185,41956.683
P22.B2_noMC,0.529,42889.133
P22.B2_noMC,0.5314,43821.583
P22.B2_noMC,0.5264,44754.073
P22.B2_noMC,0.5269,45686.536
P22.B2_noMC,0.5232,46618.992
P22.B2_noMC,0.5236,47551.547
P22.B2_noMC,0.5228,48483.921
P22.B2_noMC,0.5214,49416.364
P22.B2_noMC,0.5205,50348.834
P22.B2_noMC,0.5207,51281.358
P22.B2_noMC,0.5238,52213.762
P22.B2_noMC,0.5224,53146.312
P22.B2_noMC,0.5234,54078.693
P22.B2_noMC,0.5249,55011.144
P22.B2_noMC,0.5247,55943.634
P22.B2_noMC,0.524,56876.186
P22.B2_noMC,0.5261,57808.624
P22.B2_noMC,0.5266,58741.026
P22.B2_noMC,0.529,59673.323
P22.B2_noMC,0.5272,60605.752
P22.B2_noMC,0.5269,61538.212
P22.B2_noMC,0.53,62470.619
P22.B2_noMC,0.5276,63403.101
P22.B2_noMC,0.5316,64335.647
P22.B2_noMC,0.5313,65268.122
P22.B2_noMC,0.5332,66200.595
P22.B2_noMC,0.5304,67133.085
P22.B2_noMC,0.5355,68065.552
P22.B2_noMC,0.5357,68998.018
P22.B2_noMC,0.5377,69930.555
P22.B2_noMC,0.5377,70863.021
P22.B2_noMC,0.5396,71795.421
P22.B2_noMC,0.5384,72727.925
P22.B2_noMC,0.5402,73660.508
P22.B2_noMC,0.1436,0
P22.B2_noMC,0.1281,927.268
P22.B2_noMC,0.1272,1859.687
P22.B2_noMC,0.1335,2792.16
P22.B2_noMC,0.1367,3724.632
P22.B2_noMC,0.1392,4657.102
P22.B2_noMC,0.1441,5589.631
P22.B2_noMC,0.153,6522.193
P22.B2_noMC,0.1674,7454.487
P22.B2_noMC,0.1923,8386.937
P22.B2_noMC,0.1858,9319.439
P22.B2_noMC,0.2232,10251.889
P22.B2_noMC,0.2433,11184.439
P22.B2_noMC,0.2733,12116.883
P22.B2_noMC,0.275,13049.281
P22.B2_noMC,0.294,13981.655
P22.B2_noMC,0.2974,14914.142
P22.B2_noMC,0.3148,15846.702
P22.B2_noMC,0.317,16779.28
P22.B2_noMC,0.3413,17711.855
P22.B2_noMC,0.3547,18644.329
P22.B2_noMC,0.362,19576.844
P22.B2_noMC,0.375,20509.373
P22.B2_noMC,0.3876,21441.922
P22.B2_noMC,0.4031,22374.504
P22.B2_noMC,0.4144,23307.015
P22.B2_noMC,0.4249,24239.47
P22.B2_noMC,0.4388,25171.902
P22.B2_noMC,0.4514,26104.468
P22.B2_noMC,0.4663,27037.057
P22.B2_noMC,0.4845,27969.65
P22.B2_noMC,0.4937,28902.088
P22.B2_noMC,0.5066,29834.682
P22.B2_noMC,0.5217,30767.242
P22.B2_noMC,0.533,31699.776
P22.B2_noMC,0.546,32632.176
P22.B2_noMC,0.5553,33564.472
P22.B2_noMC,0.5617,34496.941
P22.B2_noMC,0.5751,35429.418
P22.B2_noMC,0.5791,36361.963
P22.B2_noMC,0.5849,37294.415
P22.B2_noMC,0.5814,38226.892
P22.B2_noMC,0.5867,39159.364
P22.B2_noMC,0.5852,40091.808
P22.B2_noMC,0.5809,41024.249
P22.B2_noMC,0.5834,41956.683
P22.B2_noMC,0.5902,42889.133
P22.B2_noMC,0.5925,43821.583
P22.B2_noMC,0.5913,44754.073
P22.B2_noMC,0.5912,45686.536
P22.B2_noMC,0.5885,46618.992
P22.B2_noMC,0.5875,47551.547
P22.B2_noMC,0.5856,48483.921
P22.B2_noMC,0.584,49416.364
P22.B2_noMC,0.5844,50348.834
P22.B2_noMC,0.5852,51281.358
P22.B2_noMC,0.5846,52213.762
P22.B2_noMC,0.5851,53146.312
P22.B2_noMC,0.5854,54078.693
P22.B2_noMC,0.5848,55011.144
P22.B2_noMC,0.5833,55943.634
P22.B2_noMC,0.5886,56876.186
P22.B2_noMC,0.59,57808.624
P22.B2_noMC,0.589,58741.026
P22.B2_noMC,0.5897,59673.323
P22.B2_noMC,0.5914,60605.752
P22.B2_noMC,0.5932,61538.212
P22.B2_noMC,0.5926,62470.619
P22.B2_noMC,0.5944,63403.101
P22.B2_noMC,0.5951,64335.647
P22.B2_noMC,0.596,65268.122
P22.B2_noMC,0.5959,66200.595
P22.B2_noMC,0.5983,67133.085
P22.B2_noMC,0.598,68065.552
P22.B2_noMC,0.5975,68998.018
P22.B2_noMC,0.5996,69930.555
P22.B2_noMC,0.6039,70863.021
P22.B2_noMC,0.6039,71795.421
P22.B2_noMC,0.6034,72727.925
P22.B2_noMC,0.604,73660.508
P22.B2_MC,0.1326,0
P22.B2_MC,0.1324,927.268
P22.B2_MC,0.1228,1859.687
P22.B2_MC,0.1256,2792.16
P22.B2_MC,0.1355,3724.632
P22.B2_MC,0.145,4657.102
P22.B2_MC,0.15,5589.631
P22.B2_MC,0.1489,6522.193
P22.B2_MC,0.1553,7454.487
P22.B2_MC,0.1702,8386.937
P22.B2_MC,0.1744,9319.439
P22.B2_MC,0.1919,10251.889
P22.B2_MC,0.1953,11184.439
P22.B2_MC,0.2031,12116.883
P22.B2_MC,0.2189,13049.281
P22.B2_MC,0.2376,13981.655
P22.B2_MC,0.244,14914.142
P22.B2_MC,0.2427,15846.702
P22.B2_MC,0.2699,16779.28
P22.B2_MC,0.2942,17711.855
P22.B2_MC,0.3112,18644.329
P22.B2_MC,0.291,19576.844
P22.B2_MC,0.3135,20509.373
P22.B2_MC,0.3298,21441.922
P22.B2_MC,0.3503,22374.504
P22.B2_MC,0.3531,23307.015
P22.B2_MC,0.3709,24239.47
P22.B2_MC,0.3812,25171.902
P22.B2_MC,0.3814,26104.468
P22.B2_MC,0.3991,27037.057
P22.B2_MC,0.4134,27969.65
P22.B2_MC,0.4232,28902.088
P22.B2_MC,0.4237,29834.682
P22.B2_MC,0.4356,30767.242
P22.B2_MC,0.4423,31699.776
P22.B2_MC,0.4442,32632.176
P22.B2_MC,0.4424,33564.472
P22.B2_MC,0.437,34496.941
P22.B2_MC,0.4324,35429.418
P22.B2_MC,0.4299,36361.963
P22.B2_MC,0.426,37294.415
P22.B2_MC,0.4301,38226.892
P22.B2_MC,0.4266,39159.364
P22.B2_MC,0.425,40091.808
P22.B2_MC,0.4276,41024.249
P22.B2_MC,0.4246,41956.683
P22.B2_MC,0.4279,42889.133
P22.B2_MC,0.4281,43821.583
P22.B2_MC,0.4257,44754.073
P22.B2_MC,0.4247,45686.536
P22.B2_MC,0.4218,46618.992
P22.B2_MC,0.425,47551.547
P22.B2_MC,0.4243,48483.921
P22.B2_MC,0.423,49416.364
P22.B2_MC,0.4214,50348.834
P22.B2_MC,0.4189,51281.358
P22.B2_MC,0.4163,52213.762
P22.B2_MC,0.4144,53146.312
P22.B2_MC,0.4126,54078.693
P22.B2_MC,0.4103,55011.144
P22.B2_MC,0.4086,55943.634
P22.B2_MC,0.407,56876.186
P22.B2_MC,0.4029,57808.624
P22.B2_MC,0.4,58741.026
P22.B2_MC,0.3969,59673.323
P22.B2_MC,0.3933,60605.752
P22.B2_MC,0.3921,61538.212
P22.B2_MC,0.3904,62470.619
P22.B2_MC,0.3871,63403.101
P22.B2_MC,0.3828,64335.647
P22.B2_MC,0.3826,65268.122
P22.B2_MC,0.3766,66200.595
P22.B2_MC,0.3759,67133.085
P22.B2_MC,0.3701,68065.552
P22.B2_MC,0.3711,68998.018
P22.B2_MC,0.3676,69930.555
P22.B2_MC,0.3665,70863.021
P22.B2_MC,0.366,71795.421
P22.B2_MC,0.4335,72727.925
P22.B2_MC,0.4296,73660.508
P22.B2_MC,0.1354,0
P22.B2_MC,0.1331,927.268
P22.B2_MC,0.126,1859.687
P22.B2_MC,0.1282,2792.16
P22.B2_MC,0.1325,3724.632
P22.B2_MC,0.1369,4657.102
P22.B2_MC,0.1421,5589.631
P22.B2_MC,0.1476,6522.193
P22.B2_MC,0.1575,7454.487
P22.B2_MC,0.1677,8386.937
P22.B2_MC,0.1785,9319.439
P22.B2_MC,0.1902,10251.889
P22.B2_MC,0.202,11184.439
P22.B2_MC,0.2113,12116.883
P22.B2_MC,0.2275,13049.281
P22.B2_MC,0.2436,13981.655
P22.B2_MC,0.2438,14914.142
P22.B2_MC,0.2481,15846.702
P22.B2_MC,0.2476,16779.28
P22.B2_MC,0.2613,17711.855
P22.B2_MC,0.2656,18644.329
P22.B2_MC,0.2663,19576.844
P22.B2_MC,0.2716,20509.373
P22.B2_MC,0.2896,21441.922
P22.B2_MC,0.3092,22374.504
P22.B2_MC,0.3061,23307.015
P22.B2_MC,0.3326,24239.47
P22.B2_MC,0.3277,25171.902
P22.B2_MC,0.34,26104.468
P22.B2_MC,0.3471,27037.057
P22.B2_MC,0.3538,27969.65
P22.B2_MC,0.3723,28902.088
P22.B2_MC,0.3801,29834.682
P22.B2_MC,0.3804,30767.242
P22.B2_MC,0.3981,31699.776
P22.B2_MC,0.4018,32632.176
P22.B2_MC,0.4035,33564.472
P22.B2_MC,0.4107,34496.941
P22.B2_MC,0.4284,35429.418
P22.B2_MC,0.4227,36361.963
P22.B2_MC,0.4232,37294.415
P22.B2_MC,0.429,38226.892
P22.B2_MC,0.4333,39159.364
P22.B2_MC,0.4292,40091.808
P22.B2_MC,0.4297,41024.249
P22.B2_MC,0.4236,41956.683
P22.B2_MC,0.4303,42889.133
P22.B2_MC,0.4286,43821.583
P22.B2_MC,0.4235,44754.073
P22.B2_MC,0.4179,45686.536
P22.B2_MC,0.4156,46618.992
P22.B2_MC,0.4143,47551.547
P22.B2_MC,0.41,48483.921
P22.B2_MC,0.4072,49416.364
P22.B2_MC,0.4027,50348.834
P22.B2_MC,0.399,51281.358
P22.B2_MC,0.4002,52213.762
P22.B2_MC,0.3978,53146.312
P22.B2_MC,0.3936,54078.693
P22.B2_MC,0.391,55011.144
P22.B2_MC,0.3886,55943.634
P22.B2_MC,0.3847,56876.186
P22.B2_MC,0.3813,57808.624
P22.B2_MC,0.3784,58741.026
P22.B2_MC,0.3772,59673.323
P22.B2_MC,0.373,60605.752
P22.B2_MC,0.3696,61538.212
P22.B2_MC,0.3662,62470.619
P22.B2_MC,0.3617,63403.101
P22.B2_MC,0.361,64335.647
P22.B2_MC,0.3557,65268.122
P22.B2_MC,0.3535,66200.595
P22.B2_MC,0.3523,67133.085
P22.B2_MC,0.3505,68065.552
P22.B2_MC,0.3473,68998.018
P22.B2_MC,0.3441,69930.555
P22.B2_MC,0.3424,70863.021
P22.B2_MC,0.3399,71795.421
P22.B2_MC,0.3366,72727.925
P22.B2_MC,0.3354,73660.508
P22.B2_MC,0.1282,0
P22.B2_MC,0.1295,927.268
P22.B2_MC,0.1208,1859.687
P22.B2_MC,0.1265,2792.16
P22.B2_MC,0.1313,3724.632
P22.B2_MC,0.1342,4657.102
P22.B2_MC,0.1385,5589.631
P22.B2_MC,0.1461,6522.193
P22.B2_MC,0.1544,7454.487
P22.B2_MC,0.1676,8386.937
P22.B2_MC,0.1813,9319.439
P22.B2_MC,0.1973,10251.889
P22.B2_MC,0.2101,11184.439
P22.B2_MC,0.2129,12116.883
P22.B2_MC,0.2155,13049.281
P22.B2_MC,0.2525,13981.655
P22.B2_MC,0.2414,14914.142
P22.B2_MC,0.2524,15846.702
P22.B2_MC,0.2656,16779.28
P22.B2_MC,0.2798,17711.855
P22.B2_MC,0.294,18644.329
P22.B2_MC,0.3072,19576.844
P22.B2_MC,0.3205,20509.373
P22.B2_MC,0.3357,21441.922
P22.B2_MC,0.3383,22374.504
P22.B2_MC,0.3537,23307.015
P22.B2_MC,0.3565,24239.47
P22.B2_MC,0.378,25171.902
P22.B2_MC,0.3796,26104.468
P22.B2_MC,0.3861,27037.057
P22.B2_MC,0.3876,27969.65
P22.B2_MC,0.3924,28902.088
P22.B2_MC,0.3948,29834.682
P22.B2_MC,0.3984,30767.242
P22.B2_MC,0.4019,31699.776
P22.B2_MC,0.4089,32632.176
P22.B2_MC,0.4104,33564.472
P22.B2_MC,0.423,34496.941
P22.B2_MC,0.439,35429.418
P22.B2_MC,0.4373,36361.963
P22.B2_MC,0.4374,37294.415
P22.B2_MC,0.4358,38226.892
P22.B2_MC,0.4375,39159.364
P22.B2_MC,0.4376,40091.808
P22.B2_MC,0.4378,41024.249
P22.B2_MC,0.4315,41956.683
P22.B2_MC,0.4296,42889.133
P22.B2_MC,0.4258,43821.583
P22.B2_MC,0.424,44754.073
P22.B2_MC,0.4186,45686.536
P22.B2_MC,0.4164,46618.992
P22.B2_MC,0.4199,47551.547
P22.B2_MC,0.4096,48483.921
P22.B2_MC,0.4131,49416.364
P22.B2_MC,0.4049,50348.834
P22.B2_MC,0.4029,51281.358
P22.B2_MC,0.3972,52213.762
P22.B2_MC,0.3952,53146.312
P22.B2_MC,0.3909,54078.693
P22.B2_MC,0.3888,55011.144
P22.B2_MC,0.3854,55943.634
P22.B2_MC,0.3806,56876.186
P22.B2_MC,0.3772,57808.624
P22.B2_MC,0.3749,58741.026
P22.B2_MC,0.3679,59673.323
P22.B2_MC,0.3674,60605.752
P22.B2_MC,0.3599,61538.212
P22.B2_MC,0.3558,62470.619
P22.B2_MC,0.354,63403.101
P22.B2_MC,0.3495,64335.647
P22.B2_MC,0.3475,65268.122
P22.B2_MC,0.3412,66200.595
P22.B2_MC,0.3422,67133.085
P22.B2_MC,0.3362,68065.552
P22.B2_MC,0.3337,68998.018
P22.B2_MC,0.3347,69930.555
P22.B2_MC,0.3307,70863.021
P22.B2_MC,0.329,71795.421
P22.B2_MC,0.3271,72727.925
P22.B2_MC,0.3262,73660.508
LB_noMC,0.0468,0
LB_noMC,0.0466,927.268
LB_noMC,0.0468,1859.687
LB_noMC,0.047,2792.16
LB_noMC,0.0471,3724.632
LB_noMC,0.0471,4657.102
LB_noMC,0.0469,5589.631
LB_noMC,0.0472,6522.193
LB_noMC,0.0472,7454.487
LB_noMC,0.047,8386.937
LB_noMC,0.047,9319.439
LB_noMC,0.0471,10251.889
LB_noMC,0.0469,11184.439
LB_noMC,0.0472,12116.883
LB_noMC,0.0471,13049.281
LB_noMC,0.0471,13981.655
LB_noMC,0.0471,14914.142
LB_noMC,0.0471,15846.702
LB_noMC,0.0472,16779.28
LB_noMC,0.0472,17711.855
LB_noMC,0.047,18644.329
LB_noMC,0.0471,19576.844
LB_noMC,0.0471,20509.373
LB_noMC,0.0473,21441.922
LB_noMC,0.047,22374.504
LB_noMC,0.0473,23307.015
LB_noMC,0.0472,24239.47
LB_noMC,0.0471,25171.902
LB_noMC,0.047,26104.468
LB_noMC,0.0471,27037.057
LB_noMC,0.047,27969.65
LB_noMC,0.047,28902.088
LB_noMC,0.0472,29834.682
LB_noMC,0.047,30767.242
LB_noMC,0.0469,31699.776
LB_noMC,0.0472,32632.176
LB_noMC,0.0472,33564.472
LB_noMC,0.0471,34496.941
LB_noMC,0.0472,35429.418
LB_noMC,0.0473,36361.963
LB_noMC,0.0473,37294.415
LB_noMC,0.0473,38226.892
LB_noMC,0.0472,39159.364
LB_noMC,0.0474,40091.808
LB_noMC,0.0474,41024.249
LB_noMC,0.0474,41956.683
LB_noMC,0.0474,42889.133
LB_noMC,0.0477,43821.583
LB_noMC,0.0476,44754.073
LB_noMC,0.0478,45686.536
LB_noMC,0.0481,46618.992
LB_noMC,0.048,47551.547
LB_noMC,0.0483,48483.921
LB_noMC,0.0484,49416.364
LB_noMC,0.0489,50348.834
LB_noMC,0.0491,51281.358
LB_noMC,0.0497,52213.762
LB_noMC,0.05,53146.312
LB_noMC,0.0507,54078.693
LB_noMC,0.0514,55011.144
LB_noMC,0.0519,55943.634
LB_noMC,0.053,56876.186
LB_noMC,0.0544,57808.624
LB_noMC,0.0555,58741.026
LB_noMC,0.0572,59673.323
LB_noMC,0.0589,60605.752
LB_noMC,0.0611,61538.212
LB_noMC,0.0638,62470.619
LB_noMC,0.0665,63403.101
LB_noMC,0.0697,64335.647
LB_noMC,0.073,65268.122
LB_noMC,0.0773,66200.595
LB_noMC,0.0823,67133.085
LB_noMC,0.0879,68065.552
LB_noMC,0.0945,68998.018
LB_noMC,0.1026,69930.555
LB_noMC,0.1113,70863.021
LB_noMC,0.1228,71795.421
LB_noMC,0.1342,72727.925
LB_noMC,0.149,73660.508
LB_noMC,0.0461,0
LB_noMC,0.0459,927.268
LB_noMC,0.046,1859.687
LB_noMC,0.0463,2792.16
LB_noMC,0.0468,3724.632
LB_noMC,0.0463,4657.102
LB_noMC,0.046,5589.631
LB_noMC,0.0462,6522.193
LB_noMC,0.0461,7454.487
LB_noMC,0.0461,8386.937
LB_noMC,0.0463,9319.439
LB_noMC,0.0461,10251.889
LB_noMC,0.0462,11184.439
LB_noMC,0.0464,12116.883
LB_noMC,0.0463,13049.281
LB_noMC,0.0463,13981.655
LB_noMC,0.0462,14914.142
LB_noMC,0.0464,15846.702
LB_noMC,0.0464,16779.28
LB_noMC,0.0465,17711.855
LB_noMC,0.0463,18644.329
LB_noMC,0.0464,19576.844
LB_noMC,0.0467,20509.373
LB_noMC,0.0464,21441.922
LB_noMC,0.0466,22374.504
LB_noMC,0.0462,23307.015
LB_noMC,0.0464,24239.47
LB_noMC,0.0464,25171.902
LB_noMC,0.0463,26104.468
LB_noMC,0.0463,27037.057
LB_noMC,0.0464,27969.65
LB_noMC,0.0462,28902.088
LB_noMC,0.0467,29834.682
LB_noMC,0.0466,30767.242
LB_noMC,0.0466,31699.776
LB_noMC,0.0466,32632.176
LB_noMC,0.0469,33564.472
LB_noMC,0.0464,34496.941
LB_noMC,0.0466,35429.418
LB_noMC,0.0464,36361.963
LB_noMC,0.0465,37294.415
LB_noMC,0.0469,38226.892
LB_noMC,0.0465,39159.364
LB_noMC,0.0465,40091.808
LB_noMC,0.0468,41024.249
LB_noMC,0.0466,41956.683
LB_noMC,0.0466,42889.133
LB_noMC,0.0472,43821.583
LB_noMC,0.0466,44754.073
LB_noMC,0.0469,45686.536
LB_noMC,0.047,46618.992
LB_noMC,0.0471,47551.547
LB_noMC,0.0474,48483.921
LB_noMC,0.0473,49416.364
LB_noMC,0.0477,50348.834
LB_noMC,0.0479,51281.358
LB_noMC,0.0483,52213.762
LB_noMC,0.0488,53146.312
LB_noMC,0.0494,54078.693
LB_noMC,0.0504,55011.144
LB_noMC,0.0508,55943.634
LB_noMC,0.052,56876.186
LB_noMC,0.0532,57808.624
LB_noMC,0.0549,58741.026
LB_noMC,0.0571,59673.323
LB_noMC,0.0584,60605.752
LB_noMC,0.0602,61538.212
LB_noMC,0.063,62470.619
LB_noMC,0.0661,63403.101
LB_noMC,0.0681,64335.647
LB_noMC,0.0716,65268.122
LB_noMC,0.0749,66200.595
LB_noMC,0.0773,67133.085
LB_noMC,0.0791,68065.552
LB_noMC,0.0821,68998.018
LB_noMC,0.0847,69930.555
LB_noMC,0.0866,70863.021
LB_noMC,0.0893,71795.421
LB_noMC,0.0943,72727.925
LB_noMC,0.0986,73660.508
LB_noMC,0.0469,0
LB_noMC,0.0467,927.268
LB_noMC,0.0467,1859.687
LB_noMC,0.0466,2792.16
LB_noMC,0.0465,3724.632
LB_noMC,0.0467,4657.102
LB_noMC,0.0463,5589.631
LB_noMC,0.0465,6522.193
LB_noMC,0.0463,7454.487
LB_noMC,0.0463,8386.937
LB_noMC,0.0464,9319.439
LB_noMC,0.0464,10251.889
LB_noMC,0.0464,11184.439
LB_noMC,0.0464,12116.883
LB_noMC,0.0462,13049.281
LB_noMC,0.0462,13981.655
LB_noMC,0.0467,14914.142
LB_noMC,0.0463,15846.702
LB_noMC,0.0464,16779.28
LB_noMC,0.0464,17711.855
LB_noMC,0.0463,18644.329
LB_noMC,0.0464,19576.844
LB_noMC,0.0466,20509.373
LB_noMC,0.0463,21441.922
LB_noMC,0.0464,22374.504
LB_noMC,0.0466,23307.015
LB_noMC,0.0462,24239.47
LB_noMC,0.0464,25171.902
LB_noMC,0.047,26104.468
LB_noMC,0.0464,27037.057
LB_noMC,0.0465,27969.65
LB_noMC,0.0462,28902.088
LB_noMC,0.0464,29834.682
LB_noMC,0.0467,30767.242
LB_noMC,0.0462,31699.776
LB_noMC,0.0465,32632.176
LB_noMC,0.0464,33564.472
LB_noMC,0.0465,34496.941
LB_noMC,0.0463,35429.418
LB_noMC,0.0463,36361.963
LB_noMC,0.0466,37294.415
LB_noMC,0.0466,38226.892
LB_noMC,0.0468,39159.364
LB_noMC,0.0464,40091.808
LB_noMC,0.0465,41024.249
LB_noMC,0.0464,41956.683
LB_noMC,0.0463,42889.133
LB_noMC,0.0464,43821.583
LB_noMC,0.0463,44754.073
LB_noMC,0.0464,45686.536
LB_noMC,0.047,46618.992
LB_noMC,0.0464,47551.547
LB_noMC,0.0465,48483.921
LB_noMC,0.0463,49416.364
LB_noMC,0.0466,50348.834
LB_noMC,0.0465,51281.358
LB_noMC,0.0463,52213.762
LB_noMC,0.0465,53146.312
LB_noMC,0.0465,54078.693
LB_noMC,0.0463,55011.144
LB_noMC,0.0463,55943.634
LB_noMC,0.0465,56876.186
LB_noMC,0.0465,57808.624
LB_noMC,0.0466,58741.026
LB_noMC,0.0465,59673.323
LB_noMC,0.0465,60605.752
LB_noMC,0.0466,61538.212
LB_noMC,0.0465,62470.619
LB_noMC,0.0466,63403.101
LB_noMC,0.0464,64335.647
LB_noMC,0.0462,65268.122
LB_noMC,0.0465,66200.595
LB_noMC,0.0465,67133.085
LB_noMC,0.0464,68065.552
LB_noMC,0.0464,68998.018
LB_noMC,0.0466,69930.555
LB_noMC,0.0466,70863.021
LB_noMC,0.0465,71795.421
LB_noMC,0.0465,72727.925
LB_noMC,0.0467,73660.508
LB_MC,0.0468,0
LB_MC,0.0467,927.268
LB_MC,0.0466,1859.687
LB_MC,0.0466,2792.16
LB_MC,0.0467,3724.632
LB_MC,0.0465,4657.102
LB_MC,0.0466,5589.631
LB_MC,0.0467,6522.193
LB_MC,0.0468,7454.487
LB_MC,0.0467,8386.937
LB_MC,0.0468,9319.439
LB_MC,0.0467,10251.889
LB_MC,0.0467,11184.439
LB_MC,0.0469,12116.883
LB_MC,0.0466,13049.281
LB_MC,0.0468,13981.655
LB_MC,0.0467,14914.142
LB_MC,0.0466,15846.702
LB_MC,0.0469,16779.28
LB_MC,0.0469,17711.855
LB_MC,0.0466,18644.329
LB_MC,0.0468,19576.844
LB_MC,0.0467,20509.373
LB_MC,0.0467,21441.922
LB_MC,0.0468,22374.504
LB_MC,0.0467,23307.015
LB_MC,0.0466,24239.47
LB_MC,0.0467,25171.902
LB_MC,0.0468,26104.468
LB_MC,0.0465,27037.057
LB_MC,0.0468,27969.65
LB_MC,0.0465,28902.088
LB_MC,0.0468,29834.682
LB_MC,0.0467,30767.242
LB_MC,0.0466,31699.776
LB_MC,0.0466,32632.176
LB_MC,0.0465,33564.472
LB_MC,0.0466,34496.941
LB_MC,0.0466,35429.418
LB_MC,0.0465,36361.963
LB_MC,0.0467,37294.415
LB_MC,0.0465,38226.892
LB_MC,0.0465,39159.364
LB_MC,0.0467,40091.808
LB_MC,0.0466,41024.249
LB_MC,0.0465,41956.683
LB_MC,0.0465,42889.133
LB_MC,0.0467,43821.583
LB_MC,0.0465,44754.073
LB_MC,0.0465,45686.536
LB_MC,0.0464,46618.992
LB_MC,0.0468,47551.547
LB_MC,0.0466,48483.921
LB_MC,0.0466,49416.364
LB_MC,0.0464,50348.834
LB_MC,0.0466,51281.358
LB_MC,0.0464,52213.762
LB_MC,0.0467,53146.312
LB_MC,0.0465,54078.693
LB_MC,0.0466,55011.144
LB_MC,0.0463,55943.634
LB_MC,0.0466,56876.186
LB_MC,0.0465,57808.624
LB_MC,0.0465,58741.026
LB_MC,0.0466,59673.323
LB_MC,0.0466,60605.752
LB_MC,0.0465,61538.212
LB_MC,0.0467,62470.619
LB_MC,0.0467,63403.101
LB_MC,0.0467,64335.647
LB_MC,0.0467,65268.122
LB_MC,0.0466,66200.595
LB_MC,0.0464,67133.085
LB_MC,0.0464,68065.552
LB_MC,0.0464,68998.018
LB_MC,0.0466,69930.555
LB_MC,0.0466,70863.021
LB_MC,0.0467,71795.421
LB_MC,0.0465,72727.925
LB_MC,0.0464,73660.508
LB_MC,0.0466,0
LB_MC,0.0466,927.268
LB_MC,0.0464,1859.687
LB_MC,0.0464,2792.16
LB_MC,0.0464,3724.632
LB_MC,0.0464,4657.102
LB_MC,0.0463,5589.631
LB_MC,0.0467,6522.193
LB_MC,0.0464,7454.487
LB_MC,0.0464,8386.937
LB_MC,0.0464,9319.439
LB_MC,0.0463,10251.889
LB_MC,0.0465,11184.439
LB_MC,0.0464,12116.883
LB_MC,0.0463,13049.281
LB_MC,0.0463,13981.655
LB_MC,0.0463,14914.142
LB_MC,0.0463,15846.702
LB_MC,0.0464,16779.28
LB_MC,0.0465,17711.855
LB_MC,0.0463,18644.329
LB_MC,0.0463,19576.844
LB_MC,0.0464,20509.373
LB_MC,0.0463,21441.922
LB_MC,0.0463,22374.504
LB_MC,0.0462,23307.015
LB_MC,0.0462,24239.47
LB_MC,0.0463,25171.902
LB_MC,0.0461,26104.468
LB_MC,0.0463,27037.057
LB_MC,0.0462,27969.65
LB_MC,0.0461,28902.088
LB_MC,0.0464,29834.682
LB_MC,0.0463,30767.242
LB_MC,0.0463,31699.776
LB_MC,0.0463,32632.176
LB_MC,0.0464,33564.472
LB_MC,0.0463,34496.941
LB_MC,0.0465,35429.418
LB_MC,0.0463,36361.963
LB_MC,0.0463,37294.415
LB_MC,0.0462,38226.892
LB_MC,0.0464,39159.364
LB_MC,0.0463,40091.808
LB_MC,0.0463,41024.249
LB_MC,0.0462,41956.683
LB_MC,0.0463,42889.133
LB_MC,0.0463,43821.583
LB_MC,0.0464,44754.073
LB_MC,0.0462,45686.536
LB_MC,0.0462,46618.992
LB_MC,0.0465,47551.547
LB_MC,0.0462,48483.921
LB_MC,0.0462,49416.364
LB_MC,0.0463,50348.834
LB_MC,0.0464,51281.358
LB_MC,0.0463,52213.762
LB_MC,0.0463,53146.312
LB_MC,0.0464,54078.693
LB_MC,0.0463,55011.144
LB_MC,0.0462,55943.634
LB_MC,0.0464,56876.186
LB_MC,0.0463,57808.624
LB_MC,0.0464,58741.026
LB_MC,0.0464,59673.323
LB_MC,0.0462,60605.752
LB_MC,0.0466,61538.212
LB_MC,0.0464,62470.619
LB_MC,0.0462,63403.101
LB_MC,0.0464,64335.647
LB_MC,0.0464,65268.122
LB_MC,0.0463,66200.595
LB_MC,0.0463,67133.085
LB_MC,0.0464,68065.552
LB_MC,0.0465,68998.018
LB_MC,0.0464,69930.555
LB_MC,0.0463,70863.021
LB_MC,0.0464,71795.421
LB_MC,0.0464,72727.925
LB_MC,0.0464,73660.508
LB_MC,0.047,0
LB_MC,0.0479,927.268
LB_MC,0.048,1859.687
LB_MC,0.048,2792.16
LB_MC,0.048,3724.632
LB_MC,0.048,4657.102
LB_MC,0.0481,5589.631
LB_MC,0.0483,6522.193
LB_MC,0.0482,7454.487
LB_MC,0.0484,8386.937
LB_MC,0.0506,9319.439
LB_MC,0.0481,10251.889
LB_MC,0.0481,11184.439
LB_MC,0.0489,12116.883
LB_MC,0.051,13049.281
LB_MC,0.0485,13981.655
LB_MC,0.0481,14914.142
LB_MC,0.0479,15846.702
LB_MC,0.048,16779.28
LB_MC,0.0484,17711.855
LB_MC,0.048,18644.329
LB_MC,0.0483,19576.844
LB_MC,0.049,20509.373
LB_MC,0.0481,21441.922
LB_MC,0.0489,22374.504
LB_MC,0.0482,23307.015
LB_MC,0.049,24239.47
LB_MC,0.0481,25171.902
LB_MC,0.0481,26104.468
LB_MC,0.0488,27037.057
LB_MC,0.048,27969.65
LB_MC,0.0479,28902.088
LB_MC,0.048,29834.682
LB_MC,0.0481,30767.242
LB_MC,0.0479,31699.776
LB_MC,0.0481,32632.176
LB_MC,0.0482,33564.472
LB_MC,0.0481,34496.941
LB_MC,0.0484,35429.418
LB_MC,0.0482,36361.963
LB_MC,0.0498,37294.415
LB_MC,0.0481,38226.892
LB_MC,0.0482,39159.364
LB_MC,0.0491,40091.808
LB_MC,0.0481,41024.249
LB_MC,0.048,41956.683
LB_MC,0.048,42889.133
LB_MC,0.0482,43821.583
LB_MC,0.0481,44754.073
LB_MC,0.048,45686.536
LB_MC,0.0481,46618.992
LB_MC,0.048,47551.547
LB_MC,0.0482,48483.921
LB_MC,0.0489,49416.364
LB_MC,0.0489,50348.834
LB_MC,0.0485,51281.358
LB_MC,0.0491,52213.762
LB_MC,0.0482,53146.312
LB_MC,0.0485,54078.693
LB_MC,0.0482,55011.144
LB_MC,0.0483,55943.634
LB_MC,0.049,56876.186
LB_MC,0.0481,57808.624
LB_MC,0.048,58741.026
LB_MC,0.0482,59673.323
LB_MC,0.0484,60605.752
LB_MC,0.0491,61538.212
LB_MC,0.0481,62470.619
LB_MC,0.0481,63403.101
LB_MC,0.0481,64335.647
LB_MC,0.0481,65268.122
LB_MC,0.0483,66200.595
LB_MC,0.0496,67133.085
LB_MC,0.0483,68065.552
LB_MC,0.0479,68998.018
LB_MC,0.0488,69930.555
LB_MC,0.0481,70863.021
LB_MC,0.0482,71795.421
LB_MC,0.0483,72727.925
LB_MC,0.0482,73660.508
P23.D8_noMC,0.1249,0
P23.D8_noMC,0.1237,927.268
P23.D8_noMC,0.1233,1859.687
P23.D8_noMC,0.1284,2792.16
P23.D8_noMC,0.1337,3724.632
P23.D8_noMC,0.1413,4657.102
P23.D8_noMC,0.1504,5589.631
P23.D8_noMC,0.1627,6522.193
P23.D8_noMC,0.1752,7454.487
P23.D8_noMC,0.189,8386.937
P23.D8_noMC,0.2064,9319.439
P23.D8_noMC,0.2228,10251.889
P23.D8_noMC,0.2338,11184.439
P23.D8_noMC,0.2534,12116.883
P23.D8_noMC,0.2764,13049.281
P23.D8_noMC,0.3019,13981.655
P23.D8_noMC,0.3185,14914.142
P23.D8_noMC,0.3391,15846.702
P23.D8_noMC,0.3545,16779.28
P23.D8_noMC,0.3668,17711.855
P23.D8_noMC,0.3846,18644.329
P23.D8_noMC,0.3968,19576.844
P23.D8_noMC,0.4117,20509.373
P23.D8_noMC,0.4258,21441.922
P23.D8_noMC,0.4426,22374.504
P23.D8_noMC,0.4569,23307.015
P23.D8_noMC,0.4698,24239.47
P23.D8_noMC,0.4828,25171.902
P23.D8_noMC,0.5008,26104.468
P23.D8_noMC,0.516,27037.057
P23.D8_noMC,0.5296,27969.65
P23.D8_noMC,0.5441,28902.088
P23.D8_noMC,0.5515,29834.682
P23.D8_noMC,0.5669,30767.242
P23.D8_noMC,0.581,31699.776
P23.D8_noMC,0.594,32632.176
P23.D8_noMC,0.6098,33564.472
P23.D8_noMC,0.6192,34496.941
P23.D8_noMC,0.6345,35429.418
P23.D8_noMC,0.6477,36361.963
P23.D8_noMC,0.6639,37294.415
P23.D8_noMC,0.6799,38226.892
P23.D8_noMC,0.6731,39159.364
P23.D8_noMC,0.6879,40091.808
P23.D8_noMC,0.7021,41024.249
P23.D8_noMC,0.7048,41956.683
P23.D8_noMC,0.7141,42889.133
P23.D8_noMC,0.7384,43821.583
P23.D8_noMC,0.7522,44754.073
P23.D8_noMC,0.7601,45686.536
P23.D8_noMC,0.7733,46618.992
P23.D8_noMC,0.7712,47551.547
P23.D8_noMC,0.7859,48483.921
P23.D8_noMC,0.8035,49416.364
P23.D8_noMC,0.8095,50348.834
P23.D8_noMC,0.8183,51281.358
P23.D8_noMC,0.8219,52213.762
P23.D8_noMC,0.8253,53146.312
P23.D8_noMC,0.8273,54078.693
P23.D8_noMC,0.8332,55011.144
P23.D8_noMC,0.8272,55943.634
P23.D8_noMC,0.8421,56876.186
P23.D8_noMC,0.8376,57808.624
P23.D8_noMC,0.8394,58741.026
P23.D8_noMC,0.8412,59673.323
P23.D8_noMC,0.847,60605.752
P23.D8_noMC,0.8535,61538.212
P23.D8_noMC,0.8568,62470.619
P23.D8_noMC,0.8589,63403.101
P23.D8_noMC,0.8606,64335.647
P23.D8_noMC,0.8645,65268.122
P23.D8_noMC,0.8652,66200.595
P23.D8_noMC,0.8688,67133.085
P23.D8_noMC,0.8664,68065.552
P23.D8_noMC,0.8667,68998.018
P23.D8_noMC,0.8708,69930.555
P23.D8_noMC,0.8711,70863.021
P23.D8_noMC,0.8718,71795.421
P23.D8_noMC,0.8801,72727.925
P23.D8_noMC,0.877,73660.508
P23.D8_noMC,0.1204,0
P23.D8_noMC,0.1167,927.268
P23.D8_noMC,0.1166,1859.687
P23.D8_noMC,0.1207,2792.16
P23.D8_noMC,0.1265,3724.632
P23.D8_noMC,0.1346,4657.102
P23.D8_noMC,0.1432,5589.631
P23.D8_noMC,0.1537,6522.193
P23.D8_noMC,0.166,7454.487
P23.D8_noMC,0.179,8386.937
P23.D8_noMC,0.1936,9319.439
P23.D8_noMC,0.2071,10251.889
P23.D8_noMC,0.2224,11184.439
P23.D8_noMC,0.2417,12116.883
P23.D8_noMC,0.2604,13049.281
P23.D8_noMC,0.2843,13981.655
P23.D8_noMC,0.3125,14914.142
P23.D8_noMC,0.3302,15846.702
P23.D8_noMC,0.3471,16779.28
P23.D8_noMC,0.3651,17711.855
P23.D8_noMC,0.3885,18644.329
P23.D8_noMC,0.4059,19576.844
P23.D8_noMC,0.4256,20509.373
P23.D8_noMC,0.4483,21441.922
P23.D8_noMC,0.469,22374.504
P23.D8_noMC,0.4876,23307.015
P23.D8_noMC,0.5067,24239.47
P23.D8_noMC,0.5313,25171.902
P23.D8_noMC,0.5477,26104.468
P23.D8_noMC,0.5684,27037.057
P23.D8_noMC,0.5791,27969.65
P23.D8_noMC,0.5973,28902.088
P23.D8_noMC,0.6176,29834.682
P23.D8_noMC,0.6289,30767.242
P23.D8_noMC,0.6361,31699.776
P23.D8_noMC,0.6501,32632.176
P23.D8_noMC,0.6652,33564.472
P23.D8_noMC,0.6791,34496.941
P23.D8_noMC,0.692,35429.418
P23.D8_noMC,0.7033,36361.963
P23.D8_noMC,0.7207,37294.415
P23.D8_noMC,0.7292,38226.892
P23.D8_noMC,0.7344,39159.364
P23.D8_noMC,0.7464,40091.808
P23.D8_noMC,0.7544,41024.249
P23.D8_noMC,0.7414,41956.683
P23.D8_noMC,0.7526,42889.133
P23.D8_noMC,0.7643,43821.583
P23.D8_noMC,0.768,44754.073
P23.D8_noMC,0.7744,45686.536
P23.D8_noMC,0.7733,46618.992
P23.D8_noMC,0.7815,47551.547
P23.D8_noMC,0.788,48483.921
P23.D8_noMC,0.7866,49416.364
P23.D8_noMC,0.792,50348.834
P23.D8_noMC,0.7996,51281.358
P23.D8_noMC,0.8096,52213.762
P23.D8_noMC,0.8122,53146.312
P23.D8_noMC,0.807,54078.693
P23.D8_noMC,0.8012,55011.144
P23.D8_noMC,0.802,55943.634
P23.D8_noMC,0.8147,56876.186
P23.D8_noMC,0.8097,57808.624
P23.D8_noMC,0.8129,58741.026
P23.D8_noMC,0.8178,59673.323
P23.D8_noMC,0.831,60605.752
P23.D8_noMC,0.8272,61538.212
P23.D8_noMC,0.825,62470.619
P23.D8_noMC,0.8325,63403.101
P23.D8_noMC,0.8317,64335.647
P23.D8_noMC,0.8357,65268.122
P23.D8_noMC,0.8395,66200.595
P23.D8_noMC,0.8409,67133.085
P23.D8_noMC,0.8371,68065.552
P23.D8_noMC,0.8499,68998.018
P23.D8_noMC,0.8449,69930.555
P23.D8_noMC,0.8554,70863.021
P23.D8_noMC,0.8456,71795.421
P23.D8_noMC,0.856,72727.925
P23.D8_noMC,0.8609,73660.508
P23.D8_noMC,0.1266,0
P23.D8_noMC,0.1233,927.268
P23.D8_noMC,0.123,1859.687
P23.D8_noMC,0.1281,2792.16
P23.D8_noMC,0.1341,3724.632
P23.D8_noMC,0.1413,4657.102
P23.D8_noMC,0.1503,5589.631
P23.D8_noMC,0.1637,6522.193
P23.D8_noMC,0.1762,7454.487
P23.D8_noMC,0.1896,8386.937
P23.D8_noMC,0.2038,9319.439
P23.D8_noMC,0.2168,10251.889
P23.D8_noMC,0.2312,11184.439
P23.D8_noMC,0.2557,12116.883
P23.D8_noMC,0.2863,13049.281
P23.D8_noMC,0.3102,13981.655
P23.D8_noMC,0.3246,14914.142
P23.D8_noMC,0.345,15846.702
P23.D8_noMC,0.3573,16779.28
P23.D8_noMC,0.3675,17711.855
P23.D8_noMC,0.3803,18644.329
P23.D8_noMC,0.3953,19576.844
P23.D8_noMC,0.4094,20509.373
P23.D8_noMC,0.4234,21441.922
P23.D8_noMC,0.4395,22374.504
P23.D8_noMC,0.4535,23307.015
P23.D8_noMC,0.4663,24239.47
P23.D8_noMC,0.4809,25171.902
P23.D8_noMC,0.495,26104.468
P23.D8_noMC,0.5145,27037.057
P23.D8_noMC,0.5117,27969.65
P23.D8_noMC,0.5214,28902.088
P23.D8_noMC,0.5326,29834.682
P23.D8_noMC,0.5424,30767.242
P23.D8_noMC,0.5565,31699.776
P23.D8_noMC,0.5676,32632.176
P23.D8_noMC,0.572,33564.472
P23.D8_noMC,0.5873,34496.941
P23.D8_noMC,0.5941,35429.418
P23.D8_noMC,0.6051,36361.963
P23.D8_noMC,0.608,37294.415
P23.D8_noMC,0.6198,38226.892
P23.D8_noMC,0.6326,39159.364
P23.D8_noMC,0.636,40091.808
P23.D8_noMC,0.6447,41024.249
P23.D8_noMC,0.6462,41956.683
P23.D8_noMC,0.668,42889.133
P23.D8_noMC,0.6889,43821.583
P23.D8_noMC,0.6941,44754.073
P23.D8_noMC,0.6976,45686.536
P23.D8_noMC,0.7042,46618.992
P23.D8_noMC,0.7064,47551.547
P23.D8_noMC,0.6993,48483.921
P23.D8_noMC,0.7054,49416.364
P23.D8_noMC,0.7037,50348.834
P23.D8_noMC,0.7149,51281.358
P23.D8_noMC,0.7148,52213.762
P23.D8_noMC,0.7244,53146.312
P23.D8_noMC,0.7229,54078.693
P23.D8_noMC,0.7279,55011.144
P23.D8_noMC,0.7283,55943.634
P23.D8_noMC,0.7281,56876.186
P23.D8_noMC,0.7329,57808.624
P23.D8_noMC,0.7314,58741.026
P23.D8_noMC,0.7277,59673.323
P23.D8_noMC,0.736,60605.752
P23.D8_noMC,0.7376,61538.212
P23.D8_noMC,0.7459,62470.619
P23.D8_noMC,0.751,63403.101
P23.D8_noMC,0.7495,64335.647
P23.D8_noMC,0.753,65268.122
P23.D8_noMC,0.746,66200.595
P23.D8_noMC,0.782,67133.085
P23.D8_noMC,0.7801,68065.552
P23.D8_noMC,0.7919,68998.018
P23.D8_noMC,0.7888,69930.555
P23.D8_noMC,0.775,70863.021
P23.D8_noMC,0.7909,71795.421
P23.D8_noMC,0.7908,72727.925
P23.D8_noMC,0.79,73660.508
P23.D8_MC,0.1131,0
P23.D8_MC,0.1173,927.268
P23.D8_MC,0.1195,1859.687
P23.D8_MC,0.1236,2792.16
P23.D8_MC,0.1279,3724.632
P23.D8_MC,0.1357,4657.102
P23.D8_MC,0.1429,5589.631
P23.D8_MC,0.1515,6522.193
P23.D8_MC,0.1625,7454.487
P23.D8_MC,0.1743,8386.937
P23.D8_MC,0.1852,9319.439
P23.D8_MC,0.1974,10251.889
P23.D8_MC,0.2084,11184.439
P23.D8_MC,0.2222,12116.883
P23.D8_MC,0.2381,13049.281
P23.D8_MC,0.255,13981.655
P23.D8_MC,0.2718,14914.142
P23.D8_MC,0.2837,15846.702
P23.D8_MC,0.2906,16779.28
P23.D8_MC,0.3001,17711.855
P23.D8_MC,0.3135,18644.329
P23.D8_MC,0.3185,19576.844
P23.D8_MC,0.3265,20509.373
P23.D8_MC,0.3343,21441.922
P23.D8_MC,0.3418,22374.504
P23.D8_MC,0.3484,23307.015
P23.D8_MC,0.3557,24239.47
P23.D8_MC,0.3611,25171.902
P23.D8_MC,0.3637,26104.468
P23.D8_MC,0.3684,27037.057
P23.D8_MC,0.3712,27969.65
P23.D8_MC,0.372,28902.088
P23.D8_MC,0.3738,29834.682
P23.D8_MC,0.3731,30767.242
P23.D8_MC,0.3711,31699.776
P23.D8_MC,0.3701,32632.176
P23.D8_MC,0.3645,33564.472
P23.D8_MC,0.3601,34496.941
P23.D8_MC,0.3549,35429.418
P23.D8_MC,0.3488,36361.963
P23.D8_MC,0.3436,37294.415
P23.D8_MC,0.3374,38226.892
P23.D8_MC,0.3299,39159.364
P23.D8_MC,0.3222,40091.808
P23.D8_MC,0.3151,41024.249
P23.D8_MC,0.3087,41956.683
P23.D8_MC,0.3006,42889.133
P23.D8_MC,0.2926,43821.583
P23.D8_MC,0.2922,44754.073
P23.D8_MC,0.2896,45686.536
P23.D8_MC,0.2846,46618.992
P23.D8_MC,0.2803,47551.547
P23.D8_MC,0.2759,48483.921
P23.D8_MC,0.2704,49416.364
P23.D8_MC,0.2651,50348.834
P23.D8_MC,0.2609,51281.358
P23.D8_MC,0.258,52213.762
P23.D8_MC,0.2534,53146.312
P23.D8_MC,0.2489,54078.693
P23.D8_MC,0.2457,55011.144
P23.D8_MC,0.2425,55943.634
P23.D8_MC,0.2383,56876.186
P23.D8_MC,0.2345,57808.624
P23.D8_MC,0.2311,58741.026
P23.D8_MC,0.2283,59673.323
P23.D8_MC,0.2242,60605.752
P23.D8_MC,0.2209,61538.212
P23.D8_MC,0.2182,62470.619
P23.D8_MC,0.2146,63403.101
P23.D8_MC,0.2122,64335.647
P23.D8_MC,0.2089,65268.122
P23.D8_MC,0.2074,66200.595
P23.D8_MC,0.2056,67133.085
P23.D8_MC,0.2017,68065.552
P23.D8_MC,0.2003,68998.018
P23.D8_MC,0.198,69930.555
P23.D8_MC,0.1959,70863.021
P23.D8_MC,0.1942,71795.421
P23.D8_MC,0.192,72727.925
P23.D8_MC,0.1899,73660.508
P23.D8_MC,0.1157,0
P23.D8_MC,0.1201,927.268
P23.D8_MC,0.1198,1859.687
P23.D8_MC,0.123,2792.16
P23.D8_MC,0.1262,3724.632
P23.D8_MC,0.1325,4657.102
P23.D8_MC,0.1404,5589.631
P23.D8_MC,0.1501,6522.193
P23.D8_MC,0.1614,7454.487
P23.D8_MC,0.172,8386.937
P23.D8_MC,0.1841,9319.439
P23.D8_MC,0.197,10251.889
P23.D8_MC,0.2101,11184.439
P23.D8_MC,0.2216,12116.883
P23.D8_MC,0.2378,13049.281
P23.D8_MC,0.2546,13981.655
P23.D8_MC,0.2736,14914.142
P23.D8_MC,0.2864,15846.702
P23.D8_MC,0.2938,16779.28
P23.D8_MC,0.302,17711.855
P23.D8_MC,0.3054,18644.329
P23.D8_MC,0.3175,19576.844
P23.D8_MC,0.3251,20509.373
P23.D8_MC,0.3345,21441.922
P23.D8_MC,0.3425,22374.504
P23.D8_MC,0.3476,23307.015
P23.D8_MC,0.352,24239.47
P23.D8_MC,0.3574,25171.902
P23.D8_MC,0.3596,26104.468
P23.D8_MC,0.362,27037.057
P23.D8_MC,0.3637,27969.65
P23.D8_MC,0.3639,28902.088
P23.D8_MC,0.3643,29834.682
P23.D8_MC,0.3611,30767.242
P23.D8_MC,0.361,31699.776
P23.D8_MC,0.3555,32632.176
P23.D8_MC,0.3529,33564.472
P23.D8_MC,0.3478,34496.941
P23.D8_MC,0.3423,35429.418
P23.D8_MC,0.3354,36361.963
P23.D8_MC,0.3293,37294.415
P23.D8_MC,0.3252,38226.892
P23.D8_MC,0.3201,39159.364
P23.D8_MC,0.3132,40091.808
P23.D8_MC,0.3068,41024.249
P23.D8_MC,0.2989,41956.683
P23.D8_MC,0.2942,42889.133
P23.D8_MC,0.2874,43821.583
P23.D8_MC,0.2833,44754.073
P23.D8_MC,0.2777,45686.536
P23.D8_MC,0.2718,46618.992
P23.D8_MC,0.2668,47551.547
P23.D8_MC,0.2617,48483.921
P23.D8_MC,0.2567,49416.364
P23.D8_MC,0.2518,50348.834
P23.D8_MC,0.2479,51281.358
P23.D8_MC,0.2429,52213.762
P23.D8_MC,0.2401,53146.312
P23.D8_MC,0.2354,54078.693
P23.D8_MC,0.2315,55011.144
P23.D8_MC,0.2293,55943.634
P23.D8_MC,0.2249,56876.186
P23.D8_MC,0.2224,57808.624
P23.D8_MC,0.2186,58741.026
P23.D8_MC,0.2154,59673.323
P23.D8_MC,0.2116,60605.752
P23.D8_MC,0.2087,61538.212
P23.D8_MC,0.2061,62470.619
P23.D8_MC,0.2043,63403.101
P23.D8_MC,0.2006,64335.647
P23.D8_MC,0.1983,65268.122
P23.D8_MC,0.2,66200.595
P23.D8_MC,0.1986,67133.085
P23.D8_MC,0.1954,68065.552
P23.D8_MC,0.1946,68998.018
P23.D8_MC,0.1937,69930.555
P23.D8_MC,0.1901,70863.021
P23.D8_MC,0.1892,71795.421
P23.D8_MC,0.1862,72727.925
P23.D8_MC,0.1827,73660.508
P23.D8_MC,0.1148,0
P23.D8_MC,0.1189,927.268
P23.D8_MC,0.1171,1859.687
P23.D8_MC,0.119,2792.16
P23.D8_MC,0.1235,3724.632
P23.D8_MC,0.1296,4657.102
P23.D8_MC,0.1379,5589.631
P23.D8_MC,0.149,6522.193
P23.D8_MC,0.1595,7454.487
P23.D8_MC,0.1703,8386.937
P23.D8_MC,0.1817,9319.439
P23.D8_MC,0.1953,10251.889
P23.D8_MC,0.2088,11184.439
P23.D8_MC,0.2251,12116.883
P23.D8_MC,0.2398,13049.281
P23.D8_MC,0.2589,13981.655
P23.D8_MC,0.275,14914.142
P23.D8_MC,0.2931,15846.702
P23.D8_MC,0.3013,16779.28
P23.D8_MC,0.312,17711.855
P23.D8_MC,0.323,18644.329
P23.D8_MC,0.3305,19576.844
P23.D8_MC,0.3384,20509.373
P23.D8_MC,0.3464,21441.922
P23.D8_MC,0.3588,22374.504
P23.D8_MC,0.3655,23307.015
P23.D8_MC,0.3708,24239.47
P23.D8_MC,0.3735,25171.902
P23.D8_MC,0.3768,26104.468
P23.D8_MC,0.3797,27037.057
P23.D8_MC,0.3835,27969.65
P23.D8_MC,0.3831,28902.088
P23.D8_MC,0.3839,29834.682
P23.D8_MC,0.3849,30767.242
P23.D8_MC,0.3843,31699.776
P23.D8_MC,0.3821,32632.176
P23.D8_MC,0.3785,33564.472
P23.D8_MC,0.3757,34496.941
P23.D8_MC,0.3721,35429.418
P23.D8_MC,0.3683,36361.963
P23.D8_MC,0.3633,37294.415
P23.D8_MC,0.361,38226.892
P23.D8_MC,0.3545,39159.364
P23.D8_MC,0.3489,40091.808
P23.D8_MC,0.3442,41024.249
P23.D8_MC,0.336,41956.683
P23.D8_MC,0.3276,42889.133
P23.D8_MC,0.3192,43821.583
P23.D8_MC,0.3124,44754.073
P23.D8_MC,0.3041,45686.536
P23.D8_MC,0.2961,46618.992
P23.D8_MC,0.2904,47551.547
P23.D8_MC,0.2822,48483.921
P23.D8_MC,0.2762,49416.364
P23.D8_MC,0.2688,50348.834
P23.D8_MC,0.2633,51281.358
P23.D8_MC,0.2574,52213.762
P23.D8_MC,0.252,53146.312
P23.D8_MC,0.247,54078.693
P23.D8_MC,0.2422,55011.144
P23.D8_MC,0.238,55943.634
P23.D8_MC,0.2335,56876.186
P23.D8_MC,0.2274,57808.624
P23.D8_MC,0.2242,58741.026
P23.D8_MC,0.2202,59673.323
P23.D8_MC,0.2157,60605.752
P23.D8_MC,0.2119,61538.212
P23.D8_MC,0.2091,62470.619
P23.D8_MC,0.2066,63403.101
P23.D8_MC,0.2019,64335.647
P23.D8_MC,0.1992,65268.122
P23.D8_MC,0.1969,66200.595
P23.D8_MC,0.1939,67133.085
P23.D8_MC,0.1914,68065.552
P23.D8_MC,0.1888,68998.018
P23.D8_MC,0.1871,69930.555
P23.D8_MC,0.1847,70863.021
P23.D8_MC,0.183,71795.421
P23.D8_MC,0.1809,72727.925
P23.D8_MC,0.1787,73660.508
P20.H5_noMC,0.1245,0
P20.H5_noMC,0.1059,927.268
P20.H5_noMC,0.0964,1859.687
P20.H5_noMC,0.0973,2792.16
P20.H5_noMC,0.0974,3724.632
P20.H5_noMC,0.0981,4657.102
P20.H5_noMC,0.1022,5589.631
P20.H5_noMC,0.1142,6522.193
P20.H5_noMC,0.1316,7454.487
P20.H5_noMC,0.1539,8386.937
P20.H5_noMC,0.1877,9319.439
P20.H5_noMC,0.2117,10251.889
P20.H5_noMC,0.2556,11184.439
P20.H5_noMC,0.303,12116.883
P20.H5_noMC,0.322,13049.281
P20.H5_noMC,0.3572,13981.655
P20.H5_noMC,0.3769,14914.142
P20.H5_noMC,0.3946,15846.702
P20.H5_noMC,0.4205,16779.28
P20.H5_noMC,0.4421,17711.855
P20.H5_noMC,0.4785,18644.329
P20.H5_noMC,0.4915,19576.844
P20.H5_noMC,0.5097,20509.373
P20.H5_noMC,0.5295,21441.922
P20.H5_noMC,0.5398,22374.504
P20.H5_noMC,0.5425,23307.015
P20.H5_noMC,0.5522,24239.47
P20.H5_noMC,0.5635,25171.902
P20.H5_noMC,0.5717,26104.468
P20.H5_noMC,0.5835,27037.057
P20.H5_noMC,0.595,27969.65
P20.H5_noMC,0.599,28902.088
P20.H5_noMC,0.6242,29834.682
P20.H5_noMC,0.6354,30767.242
P20.H5_noMC,0.6386,31699.776
P20.H5_noMC,0.6399,32632.176
P20.H5_noMC,0.6501,33564.472
P20.H5_noMC,0.6487,34496.941
P20.H5_noMC,0.6449,35429.418
P20.H5_noMC,0.6402,36361.963
P20.H5_noMC,0.6402,37294.415
P20.H5_noMC,0.6398,38226.892
P20.H5_noMC,0.6331,39159.364
P20.H5_noMC,0.6286,40091.808
P20.H5_noMC,0.6172,41024.249
P20.H5_noMC,0.5998,41956.683
P20.H5_noMC,0.5963,42889.133
P20.H5_noMC,0.6105,43821.583
P20.H5_noMC,0.6107,44754.073
P20.H5_noMC,0.6106,45686.536
P20.H5_noMC,0.6093,46618.992
P20.H5_noMC,0.6095,47551.547
P20.H5_noMC,0.6089,48483.921
P20.H5_noMC,0.6111,49416.364
P20.H5_noMC,0.6109,50348.834
P20.H5_noMC,0.6112,51281.358
P20.H5_noMC,0.6133,52213.762
P20.H5_noMC,0.6163,53146.312
P20.H5_noMC,0.6182,54078.693
P20.H5_noMC,0.6185,55011.144
P20.H5_noMC,0.6204,55943.634
P20.H5_noMC,0.6205,56876.186
P20.H5_noMC,0.6218,57808.624
P20.H5_noMC,0.6231,58741.026
P20.H5_noMC,0.6243,59673.323
P20.H5_noMC,0.6244,60605.752
P20.H5_noMC,0.6253,61538.212
P20.H5_noMC,0.6276,62470.619
P20.H5_noMC,0.6272,63403.101
P20.H5_noMC,0.6306,64335.647
P20.H5_noMC,0.6314,65268.122
P20.H5_noMC,0.6331,66200.595
P20.H5_noMC,0.6348,67133.085
P20.H5_noMC,0.6393,68065.552
P20.H5_noMC,0.6409,68998.018
P20.H5_noMC,0.6434,69930.555
P20.H5_noMC,0.6434,70863.021
P20.H5_noMC,0.6488,71795.421
P20.H5_noMC,0.6538,72727.925
P20.H5_noMC,0.6538,73660.508
P20.H5_noMC,0.1154,0
P20.H5_noMC,0.1018,927.268
P20.H5_noMC,0.0943,1859.687
P20.H5_noMC,0.0938,2792.16
P20.H5_noMC,0.094,3724.632
P20.H5_noMC,0.0952,4657.102
P20.H5_noMC,0.0993,5589.631
P20.H5_noMC,0.1099,6522.193
P20.H5_noMC,0.1269,7454.487
P20.H5_noMC,0.1526,8386.937
P20.H5_noMC,0.1957,9319.439
P20.H5_noMC,0.2345,10251.889
P20.H5_noMC,0.2668,11184.439
P20.H5_noMC,0.2863,12116.883
P20.H5_noMC,0.3007,13049.281
P20.H5_noMC,0.3215,13981.655
P20.H5_noMC,0.357,14914.142
P20.H5_noMC,0.3866,15846.702
P20.H5_noMC,0.396,16779.28
P20.H5_noMC,0.4029,17711.855
P20.H5_noMC,0.4225,18644.329
P20.H5_noMC,0.432,19576.844
P20.H5_noMC,0.4451,20509.373
P20.H5_noMC,0.4668,21441.922
P20.H5_noMC,0.4728,22374.504
P20.H5_noMC,0.4827,23307.015
P20.H5_noMC,0.4903,24239.47
P20.H5_noMC,0.5179,25171.902
P20.H5_noMC,0.5267,26104.468
P20.H5_noMC,0.5258,27037.057
P20.H5_noMC,0.5398,27969.65
P20.H5_noMC,0.5462,28902.088
P20.H5_noMC,0.5756,29834.682
P20.H5_noMC,0.5865,30767.242
P20.H5_noMC,0.5864,31699.776
P20.H5_noMC,0.5999,32632.176
P20.H5_noMC,0.6219,33564.472
P20.H5_noMC,0.6264,34496.941
P20.H5_noMC,0.6438,35429.418
P20.H5_noMC,0.6282,36361.963
P20.H5_noMC,0.6512,37294.415
P20.H5_noMC,0.6365,38226.892
P20.H5_noMC,0.6421,39159.364
P20.H5_noMC,0.6371,40091.808
P20.H5_noMC,0.6319,41024.249
P20.H5_noMC,0.638,41956.683
P20.H5_noMC,0.642,42889.133
P20.H5_noMC,0.6425,43821.583
P20.H5_noMC,0.6145,44754.073
P20.H5_noMC,0.6271,45686.536
P20.H5_noMC,0.6119,46618.992
P20.H5_noMC,0.6166,47551.547
P20.H5_noMC,0.6062,48483.921
P20.H5_noMC,0.6026,49416.364
P20.H5_noMC,0.5997,50348.834
P20.H5_noMC,0.6029,51281.358
P20.H5_noMC,0.606,52213.762
P20.H5_noMC,0.5991,53146.312
P20.H5_noMC,0.6061,54078.693
P20.H5_noMC,0.6026,55011.144
P20.H5_noMC,0.6034,55943.634
P20.H5_noMC,0.6042,56876.186
P20.H5_noMC,0.6003,57808.624
P20.H5_noMC,0.6063,58741.026
P20.H5_noMC,0.6085,59673.323
P20.H5_noMC,0.6074,60605.752
P20.H5_noMC,0.6125,61538.212
P20.H5_noMC,0.6104,62470.619
P20.H5_noMC,0.6167,63403.101
P20.H5_noMC,0.6239,64335.647
P20.H5_noMC,0.6195,65268.122
P20.H5_noMC,0.6218,66200.595
P20.H5_noMC,0.6271,67133.085
P20.H5_noMC,0.6216,68065.552
P20.H5_noMC,0.6262,68998.018
P20.H5_noMC,0.6282,69930.555
P20.H5_noMC,0.6308,70863.021
P20.H5_noMC,0.6301,71795.421
P20.H5_noMC,0.6409,72727.925
P20.H5_noMC,0.6377,73660.508
P20.H5_noMC,0.1125,0
P20.H5_noMC,0.1003,927.268
P20.H5_noMC,0.0936,1859.687
P20.H5_noMC,0.0925,2792.16
P20.H5_noMC,0.0927,3724.632
P20.H5_noMC,0.0937,4657.102
P20.H5_noMC,0.0977,5589.631
P20.H5_noMC,0.107,6522.193
P20.H5_noMC,0.1218,7454.487
P20.H5_noMC,0.1453,8386.937
P20.H5_noMC,0.1704,9319.439
P20.H5_noMC,0.2054,10251.889
P20.H5_noMC,0.2261,11184.439
P20.H5_noMC,0.2586,12116.883
P20.H5_noMC,0.2851,13049.281
P20.H5_noMC,0.3079,13981.655
P20.H5_noMC,0.3257,14914.142
P20.H5_noMC,0.3359,15846.702
P20.H5_noMC,0.3507,16779.28
P20.H5_noMC,0.3661,17711.855
P20.H5_noMC,0.3851,18644.329
P20.H5_noMC,0.407,19576.844
P20.H5_noMC,0.4075,20509.373
P20.H5_noMC,0.4298,21441.922
P20.H5_noMC,0.4311,22374.504
P20.H5_noMC,0.4447,23307.015
P20.H5_noMC,0.451,24239.47
P20.H5_noMC,0.4741,25171.902
P20.H5_noMC,0.4755,26104.468
P20.H5_noMC,0.4915,27037.057
P20.H5_noMC,0.4971,27969.65
P20.H5_noMC,0.5185,28902.088
P20.H5_noMC,0.5217,29834.682
P20.H5_noMC,0.5284,30767.242
P20.H5_noMC,0.5459,31699.776
P20.H5_noMC,0.55,32632.176
P20.H5_noMC,0.5576,33564.472
P20.H5_noMC,0.5634,34496.941
P20.H5_noMC,0.5764,35429.418
P20.H5_noMC,0.5717,36361.963
P20.H5_noMC,0.5792,37294.415
P20.H5_noMC,0.5801,38226.892
P20.H5_noMC,0.5756,39159.364
P20.H5_noMC,0.5679,40091.808
P20.H5_noMC,0.5692,41024.249
P20.H5_noMC,0.5488,41956.683
P20.H5_noMC,0.5609,42889.133
P20.H5_noMC,0.5631,43821.583
P20.H5_noMC,0.5637,44754.073
P20.H5_noMC,0.5654,45686.536
P20.H5_noMC,0.5654,46618.992
P20.H5_noMC,0.5669,47551.547
P20.H5_noMC,0.565,48483.921
P20.H5_noMC,0.5657,49416.364
P20.H5_noMC,0.5659,50348.834
P20.H5_noMC,0.567,51281.358
P20.H5_noMC,0.5666,52213.762
P20.H5_noMC,0.572,53146.312
P20.H5_noMC,0.568,54078.693
P20.H5_noMC,0.57,55011.144
P20.H5_noMC,0.5691,55943.634
P20.H5_noMC,0.5724,56876.186
P20.H5_noMC,0.5758,57808.624
P20.H5_noMC,0.5754,58741.026
P20.H5_noMC,0.5781,59673.323
P20.H5_noMC,0.5748,60605.752
P20.H5_noMC,0.5757,61538.212
P20.H5_noMC,0.5779,62470.619
P20.H5_noMC,0.5802,63403.101
P20.H5_noMC,0.5823,64335.647
P20.H5_noMC,0.5833,65268.122
P20.H5_noMC,0.5857,66200.595
P20.H5_noMC,0.5886,67133.085
P20.H5_noMC,0.5861,68065.552
P20.H5_noMC,0.5916,68998.018
P20.H5_noMC,0.5912,69930.555
P20.H5_noMC,0.5962,70863.021
P20.H5_noMC,0.5968,71795.421
P20.H5_noMC,0.5994,72727.925
P20.H5_noMC,0.6028,73660.508
P20.H5_MC,0.1133,0
P20.H5_MC,0.1124,927.268
P20.H5_MC,0.1016,1859.687
P20.H5_MC,0.0969,2792.16
P20.H5_MC,0.0968,3724.632
P20.H5_MC,0.0999,4657.102
P20.H5_MC,0.1032,5589.631
P20.H5_MC,0.1093,6522.193
P20.H5_MC,0.1196,7454.487
P20.H5_MC,0.1326,8386.937
P20.H5_MC,0.15,9319.439
P20.H5_MC,0.1667,10251.889
P20.H5_MC,0.1895,11184.439
P20.H5_MC,0.2143,12116.883
P20.H5_MC,0.237,13049.281
P20.H5_MC,0.2536,13981.655
P20.H5_MC,0.2787,14914.142
P20.H5_MC,0.3023,15846.702
P20.H5_MC,0.3162,16779.28
P20.H5_MC,0.3207,17711.855
P20.H5_MC,0.3384,18644.329
P20.H5_MC,0.349,19576.844
P20.H5_MC,0.36,20509.373
P20.H5_MC,0.3789,21441.922
P20.H5_MC,0.4015,22374.504
P20.H5_MC,0.4127,23307.015
P20.H5_MC,0.4236,24239.47
P20.H5_MC,0.42,25171.902
P20.H5_MC,0.4267,26104.468
P20.H5_MC,0.4277,27037.057
P20.H5_MC,0.4522,27969.65
P20.H5_MC,0.454,28902.088
P20.H5_MC,0.4709,29834.682
P20.H5_MC,0.472,30767.242
P20.H5_MC,0.4731,31699.776
P20.H5_MC,0.4949,32632.176
P20.H5_MC,0.497,33564.472
P20.H5_MC,0.5049,34496.941
P20.H5_MC,0.5048,35429.418
P20.H5_MC,0.5068,36361.963
P20.H5_MC,0.5096,37294.415
P20.H5_MC,0.5236,38226.892
P20.H5_MC,0.5119,39159.364
P20.H5_MC,0.4992,40091.808
P20.H5_MC,0.481,41024.249
P20.H5_MC,0.4787,41956.683
P20.H5_MC,0.4781,42889.133
P20.H5_MC,0.4808,43821.583
P20.H5_MC,0.4693,44754.073
P20.H5_MC,0.47,45686.536
P20.H5_MC,0.4539,46618.992
P20.H5_MC,0.4587,47551.547
P20.H5_MC,0.4611,48483.921
P20.H5_MC,0.4358,49416.364
P20.H5_MC,0.4223,50348.834
P20.H5_MC,0.4216,51281.358
P20.H5_MC,0.4894,52213.762
P20.H5_MC,0.3907,53146.312
P20.H5_MC,0.5497,54078.693
P20.H5_MC,0.3637,55011.144
P20.H5_MC,0.8282,55943.634
P20.H5_MC,0.5528,56876.186
P20.H5_MC,0.3402,57808.624
P20.H5_MC,0.613,58741.026
P20.H5_MC,0.381,59673.323
P20.H5_MC,0.3234,60605.752
P20.H5_MC,0.2985,61538.212
P20.H5_MC,0.6748,62470.619
P20.H5_MC,0.3257,63403.101
P20.H5_MC,0.5634,64335.647
P20.H5_MC,0.591,65268.122
P20.H5_MC,0.4854,66200.595
P20.H5_MC,0.4408,67133.085
P20.H5_MC,0.2563,68065.552
P20.H5_MC,0.2589,68998.018
P20.H5_MC,0.2841,69930.555
P20.H5_MC,0.2997,70863.021
P20.H5_MC,0.4261,71795.421
P20.H5_MC,0.2822,72727.925
P20.H5_MC,0.281,73660.508
P20.H5_MC,0.1152,0
P20.H5_MC,0.1138,927.268
P20.H5_MC,0.1019,1859.687
P20.H5_MC,0.0967,2792.16
P20.H5_MC,0.0967,3724.632
P20.H5_MC,0.0982,4657.102
P20.H5_MC,0.1012,5589.631
P20.H5_MC,0.1076,6522.193
P20.H5_MC,0.1157,7454.487
P20.H5_MC,0.1288,8386.937
P20.H5_MC,0.1448,9319.439
P20.H5_MC,0.1653,10251.889
P20.H5_MC,0.184,11184.439
P20.H5_MC,0.2158,12116.883
P20.H5_MC,0.2478,13049.281
P20.H5_MC,0.2681,13981.655
P20.H5_MC,0.2886,14914.142
P20.H5_MC,0.3049,15846.702
P20.H5_MC,0.327,16779.28
P20.H5_MC,0.3369,17711.855
P20.H5_MC,0.3564,18644.329
P20.H5_MC,0.3682,19576.844
P20.H5_MC,0.3887,20509.373
P20.H5_MC,0.4048,21441.922
P20.H5_MC,0.4214,22374.504
P20.H5_MC,0.4332,23307.015
P20.H5_MC,0.4458,24239.47
P20.H5_MC,0.4546,25171.902
P20.H5_MC,0.467,26104.468
P20.H5_MC,0.4846,27037.057
P20.H5_MC,0.4669,27969.65
P20.H5_MC,0.4624,28902.088
P20.H5_MC,0.4673,29834.682
P20.H5_MC,0.488,30767.242
P20.H5_MC,0.4925,31699.776
P20.H5_MC,0.4954,32632.176
P20.H5_MC,0.4866,33564.472
P20.H5_MC,0.4888,34496.941
P20.H5_MC,0.4863,35429.418
P20.H5_MC,0.4831,36361.963
P20.H5_MC,0.4797,37294.415
P20.H5_MC,0.4775,38226.892
P20.H5_MC,0.47,39159.364
P20.H5_MC,0.48,40091.808
P20.H5_MC,0.4807,41024.249
P20.H5_MC,0.4755,41956.683
P20.H5_MC,0.474,42889.133
P20.H5_MC,0.4815,43821.583
P20.H5_MC,0.4713,44754.073
P20.H5_MC,0.4901,45686.536
P20.H5_MC,0.4657,46618.992
P20.H5_MC,0.4501,47551.547
P20.H5_MC,0.4566,48483.921
P20.H5_MC,0.4326,49416.364
P20.H5_MC,0.6081,50348.834
P20.H5_MC,0.5415,51281.358
P20.H5_MC,0.4995,52213.762
P20.H5_MC,0.4859,53146.312
P20.H5_MC,0.4604,54078.693
P20.H5_MC,0.5296,55011.144
P20.H5_MC,0.4341,55943.634
P20.H5_MC,0.4171,56876.186
P20.H5_MC,0.3931,57808.624
P20.H5_MC,0.3589,58741.026
P20.H5_MC,0.3034,59673.323
P20.H5_MC,0.6828,60605.752
P20.H5_MC,0.9886,61538.212
P20.H5_MC,0.4821,62470.619
P20.H5_MC,0.4255,63403.101
P20.H5_MC,0.3849,64335.647
P20.H5_MC,0.6631,65268.122
P20.H5_MC,0.5915,66200.595
P20.H5_MC,0.3107,67133.085
P20.H5_MC,0.5143,68065.552
P20.H5_MC,0.4511,68998.018
P20.H5_MC,0.5917,69930.555
P20.H5_MC,0.3851,70863.021
P20.H5_MC,0.3316,71795.421
P20.H5_MC,0.3121,72727.925
P20.H5_MC,0.282,73660.508
P20.H5_MC,0.1175,0
P20.H5_MC,0.1157,927.268
P20.H5_MC,0.1012,1859.687
P20.H5_MC,0.0972,2792.16
P20.H5_MC,0.0971,3724.632
P20.H5_MC,0.0988,4657.102
P20.H5_MC,0.1024,5589.631
P20.H5_MC,0.1086,6522.193
P20.H5_MC,0.1178,7454.487
P20.H5_MC,0.1309,8386.937
P20.H5_MC,0.1495,9319.439
P20.H5_MC,0.1703,10251.889
P20.H5_MC,0.1912,11184.439
P20.H5_MC,0.226,12116.883
P20.H5_MC,0.2453,13049.281
P20.H5_MC,0.274,13981.655
P20.H5_MC,0.2946,14914.142
P20.H5_MC,0.3176,15846.702
P20.H5_MC,0.3426,16779.28
P20.H5_MC,0.3656,17711.855
P20.H5_MC,0.3935,18644.329
P20.H5_MC,0.3962,19576.844
P20.H5_MC,0.4228,20509.373
P20.H5_MC,0.4492,21441.922
P20.H5_MC,0.465,22374.504
P20.H5_MC,0.4813,23307.015
P20.H5_MC,0.5041,24239.47
P20.H5_MC,0.5131,25171.902
P20.H5_MC,0.5184,26104.468
P20.H5_MC,0.5328,27037.057
P20.H5_MC,0.5371,27969.65
P20.H5_MC,0.5444,28902.088
P20.H5_MC,0.5621,29834.682
P20.H5_MC,0.5897,30767.242
P20.H5_MC,0.5819,31699.776
P20.H5_MC,0.5948,32632.176
P20.H5_MC,0.5788,33564.472
P20.H5_MC,0.5875,34496.941
P20.H5_MC,0.5846,35429.418
P20.H5_MC,0.5952,36361.963
P20.H5_MC,0.5929,37294.415
P20.H5_MC,0.5907,38226.892
P20.H5_MC,0.5914,39159.364
P20.H5_MC,0.5833,40091.808
P20.H5_MC,0.5813,41024.249
P20.H5_MC,0.5693,41956.683
P20.H5_MC,0.5683,42889.133
P20.H5_MC,0.5663,43821.583
P20.H5_MC,0.542,44754.073
P20.H5_MC,0.5685,45686.536
P20.H5_MC,0.5379,46618.992
P20.H5_MC,0.5266,47551.547
P20.H5_MC,0.4804,48483.921
P20.H5_MC,0.4684,49416.364
P20.H5_MC,0.4534,50348.834
P20.H5_MC,0.4427,51281.358
P20.H5_MC,0.4307,52213.762
P20.H5_MC,0.4054,53146.312
P20.H5_MC,0.4139,54078.693
P20.H5_MC,0.6588,55011.144
P20.H5_MC,0.4565,55943.634
P20.H5_MC,0.4345,56876.186
P20.H5_MC,0.526,57808.624
P20.H5_MC,0.4104,58741.026
P20.H5_MC,0.5797,59673.323
P20.H5_MC,0.3345,60605.752
P20.H5_MC,0.3638,61538.212
P20.H5_MC,0.4274,62470.619
P20.H5_MC,0.3286,63403.101
P20.H5_MC,0.3103,64335.647
P20.H5_MC,0.3249,65268.122
P20.H5_MC,0.3693,66200.595
P20.H5_MC,0.3777,67133.085
P20.H5_MC,0.3178,68065.552
P20.H5_MC,0.4565,68998.018
P20.H5_MC,0.4463,69930.555
P20.H5_MC,0.311,70863.021
P20.H5_MC,0.2921,71795.421
P20.H5_MC,0.292,72727.925
P20.H5_MC,0.2926,73660.508
P23.D7_noMC,0.1336,0
P23.D7_noMC,0.1245,927.268
P23.D7_noMC,0.1288,1859.687
P23.D7_noMC,0.1341,2792.16
P23.D7_noMC,0.1386,3724.632
P23.D7_noMC,0.1431,4657.102
P23.D7_noMC,0.1506,5589.631
P23.D7_noMC,0.1637,6522.193
P23.D7_noMC,0.1817,7454.487
P23.D7_noMC,0.206,8386.937
P23.D7_noMC,0.218,9319.439
P23.D7_noMC,0.2388,10251.889
P23.D7_noMC,0.2527,11184.439
P23.D7_noMC,0.2909,12116.883
P23.D7_noMC,0.3525,13049.281
P23.D7_noMC,0.3229,13981.655
P23.D7_noMC,0.3697,14914.142
P23.D7_noMC,0.3911,15846.702
P23.D7_noMC,0.4044,16779.28
P23.D7_noMC,0.4247,17711.855
P23.D7_noMC,0.4329,18644.329
P23.D7_noMC,0.4505,19576.844
P23.D7_noMC,0.4652,20509.373
P23.D7_noMC,0.4767,21441.922
P23.D7_noMC,0.4909,22374.504
P23.D7_noMC,0.5018,23307.015
P23.D7_noMC,0.507,24239.47
P23.D7_noMC,0.5237,25171.902
P23.D7_noMC,0.5277,26104.468
P23.D7_noMC,0.5454,27037.057
P23.D7_noMC,0.5676,27969.65
P23.D7_noMC,0.5606,28902.088
P23.D7_noMC,0.5639,29834.682
P23.D7_noMC,0.5811,30767.242
P23.D7_noMC,0.589,31699.776
P23.D7_noMC,0.6044,32632.176
P23.D7_noMC,0.604,33564.472
P23.D7_noMC,0.6116,34496.941
P23.D7_noMC,0.6056,35429.418
P23.D7_noMC,0.6024,36361.963
P23.D7_noMC,0.6076,37294.415
P23.D7_noMC,0.6056,38226.892
P23.D7_noMC,0.6069,39159.364
P23.D7_noMC,0.6098,40091.808
P23.D7_noMC,0.6164,41024.249
P23.D7_noMC,0.6198,41956.683
P23.D7_noMC,0.6489,42889.133
P23.D7_noMC,0.6557,43821.583
P23.D7_noMC,0.6592,44754.073
P23.D7_noMC,0.659,45686.536
P23.D7_noMC,0.6562,46618.992
P23.D7_noMC,0.6607,47551.547
P23.D7_noMC,0.6603,48483.921
P23.D7_noMC,0.661,49416.364
P23.D7_noMC,0.6606,50348.834
P23.D7_noMC,0.6633,51281.358
P23.D7_noMC,0.6638,52213.762
P23.D7_noMC,0.6658,53146.312
P23.D7_noMC,0.6634,54078.693
P23.D7_noMC,0.6659,55011.144
P23.D7_noMC,0.667,55943.634
P23.D7_noMC,0.6691,56876.186
P23.D7_noMC,0.6702,57808.624
P23.D7_noMC,0.6712,58741.026
P23.D7_noMC,0.671,59673.323
P23.D7_noMC,0.6715,60605.752
P23.D7_noMC,0.6758,61538.212
P23.D7_noMC,0.6758,62470.619
P23.D7_noMC,0.6784,63403.101
P23.D7_noMC,0.6799,64335.647
P23.D7_noMC,0.6818,65268.122
P23.D7_noMC,0.6835,66200.595
P23.D7_noMC,0.6865,67133.085
P23.D7_noMC,0.6898,68065.552
P23.D7_noMC,0.6904,68998.018
P23.D7_noMC,0.6946,69930.555
P23.D7_noMC,0.6988,70863.021
P23.D7_noMC,0.7016,71795.421
P23.D7_noMC,0.6978,72727.925
P23.D7_noMC,0.693,73660.508
P23.D7_noMC,0.1257,0
P23.D7_noMC,0.1184,927.268
P23.D7_noMC,0.1196,1859.687
P23.D7_noMC,0.1248,2792.16
P23.D7_noMC,0.1292,3724.632
P23.D7_noMC,0.1326,4657.102
P23.D7_noMC,0.1376,5589.631
P23.D7_noMC,0.149,6522.193
P23.D7_noMC,0.1616,7454.487
P23.D7_noMC,0.1839,8386.937
P23.D7_noMC,0.1975,9319.439
P23.D7_noMC,0.231,10251.889
P23.D7_noMC,0.251,11184.439
P23.D7_noMC,0.268,12116.883
P23.D7_noMC,0.2895,13049.281
P23.D7_noMC,0.3177,13981.655
P23.D7_noMC,0.324,14914.142
P23.D7_noMC,0.3369,15846.702
P23.D7_noMC,0.3516,16779.28
P23.D7_noMC,0.3696,17711.855
P23.D7_noMC,0.3777,18644.329
P23.D7_noMC,0.3947,19576.844
P23.D7_noMC,0.4047,20509.373
P23.D7_noMC,0.4178,21441.922
P23.D7_noMC,0.4343,22374.504
P23.D7_noMC,0.4422,23307.015
P23.D7_noMC,0.4622,24239.47
P23.D7_noMC,0.4658,25171.902
P23.D7_noMC,0.47,26104.468
P23.D7_noMC,0.4922,27037.057
P23.D7_noMC,0.5095,27969.65
P23.D7_noMC,0.5127,28902.088
P23.D7_noMC,0.524,29834.682
P23.D7_noMC,0.5419,30767.242
P23.D7_noMC,0.5446,31699.776
P23.D7_noMC,0.5552,32632.176
P23.D7_noMC,0.5615,33564.472
P23.D7_noMC,0.5652,34496.941
P23.D7_noMC,0.5728,35429.418
P23.D7_noMC,0.5747,36361.963
P23.D7_noMC,0.5833,37294.415
P23.D7_noMC,0.581,38226.892
P23.D7_noMC,0.5866,39159.364
P23.D7_noMC,0.5925,40091.808
P23.D7_noMC,0.5826,41024.249
P23.D7_noMC,0.5797,41956.683
P23.D7_noMC,0.59,42889.133
P23.D7_noMC,0.5884,43821.583
P23.D7_noMC,0.6054,44754.073
P23.D7_noMC,0.6172,45686.536
P23.D7_noMC,0.6185,46618.992
P23.D7_noMC,0.6191,47551.547
P23.D7_noMC,0.6179,48483.921
P23.D7_noMC,0.6193,49416.364
P23.D7_noMC,0.6194,50348.834
P23.D7_noMC,0.6193,51281.358
P23.D7_noMC,0.6212,52213.762
P23.D7_noMC,0.6235,53146.312
P23.D7_noMC,0.6223,54078.693
P23.D7_noMC,0.6243,55011.144
P23.D7_noMC,0.6248,55943.634
P23.D7_noMC,0.6276,56876.186
P23.D7_noMC,0.6286,57808.624
P23.D7_noMC,0.6288,58741.026
P23.D7_noMC,0.6313,59673.323
P23.D7_noMC,0.6314,60605.752
P23.D7_noMC,0.6339,61538.212
P23.D7_noMC,0.635,62470.619
P23.D7_noMC,0.6365,63403.101
P23.D7_noMC,0.6391,64335.647
P23.D7_noMC,0.6405,65268.122
P23.D7_noMC,0.6417,66200.595
P23.D7_noMC,0.6453,67133.085
P23.D7_noMC,0.6466,68065.552
P23.D7_noMC,0.648,68998.018
P23.D7_noMC,0.65,69930.555
P23.D7_noMC,0.6531,70863.021
P23.D7_noMC,0.6549,71795.421
P23.D7_noMC,0.6554,72727.925
P23.D7_noMC,0.6576,73660.508
P23.D7_MC,0.1206,0
P23.D7_MC,0.1232,927.268
P23.D7_MC,0.1184,1859.687
P23.D7_MC,0.1217,2792.16
P23.D7_MC,0.1269,3724.632
P23.D7_MC,0.131,4657.102
P23.D7_MC,0.1389,5589.631
P23.D7_MC,0.1505,6522.193
P23.D7_MC,0.1637,7454.487
P23.D7_MC,0.1787,8386.937
P23.D7_MC,0.192,9319.439
P23.D7_MC,0.2072,10251.889
P23.D7_MC,0.2237,11184.439
P23.D7_MC,0.2406,12116.883
P23.D7_MC,0.2555,13049.281
P23.D7_MC,0.268,13981.655
P23.D7_MC,0.2768,14914.142
P23.D7_MC,0.2928,15846.702
P23.D7_MC,0.3089,16779.28
P23.D7_MC,0.3184,17711.855
P23.D7_MC,0.3236,18644.329
P23.D7_MC,0.3311,19576.844
P23.D7_MC,0.3455,20509.373
P23.D7_MC,0.3586,21441.922
P23.D7_MC,0.3694,22374.504
P23.D7_MC,0.3747,23307.015
P23.D7_MC,0.387,24239.47
P23.D7_MC,0.389,25171.902
P23.D7_MC,0.3983,26104.468
P23.D7_MC,0.4309,27037.057
P23.D7_MC,0.4465,27969.65
P23.D7_MC,0.4547,28902.088
P23.D7_MC,0.4565,29834.682
P23.D7_MC,0.4677,30767.242
P23.D7_MC,0.4756,31699.776
P23.D7_MC,0.494,32632.176
P23.D7_MC,0.4955,33564.472
P23.D7_MC,0.5035,34496.941
P23.D7_MC,0.5212,35429.418
P23.D7_MC,0.5239,36361.963
P23.D7_MC,0.5334,37294.415
P23.D7_MC,0.5305,38226.892
P23.D7_MC,0.5276,39159.364
P23.D7_MC,0.5338,40091.808
P23.D7_MC,0.5328,41024.249
P23.D7_MC,0.5359,41956.683
P23.D7_MC,0.5386,42889.133
P23.D7_MC,0.5456,43821.583
P23.D7_MC,0.5484,44754.073
P23.D7_MC,0.5527,45686.536
P23.D7_MC,0.5602,46618.992
P23.D7_MC,0.5629,47551.547
P23.D7_MC,0.5672,48483.921
P23.D7_MC,0.5759,49416.364
P23.D7_MC,0.5656,50348.834
P23.D7_MC,0.5757,51281.358
P23.D7_MC,0.571,52213.762
P23.D7_MC,0.5701,53146.312
P23.D7_MC,0.5678,54078.693
P23.D7_MC,0.5707,55011.144
P23.D7_MC,0.5707,55943.634
P23.D7_MC,0.5714,56876.186
P23.D7_MC,0.5695,57808.624
P23.D7_MC,0.5716,58741.026
P23.D7_MC,0.5679,59673.323
P23.D7_MC,0.5619,60605.752
P23.D7_MC,0.5651,61538.212
P23.D7_MC,0.5593,62470.619
P23.D7_MC,0.5589,63403.101
P23.D7_MC,0.5572,64335.647
P23.D7_MC,0.5528,65268.122
P23.D7_MC,0.5539,66200.595
P23.D7_MC,0.5494,67133.085
P23.D7_MC,0.5485,68065.552
P23.D7_MC,0.5471,68998.018
P23.D7_MC,0.5464,69930.555
P23.D7_MC,0.5398,70863.021
P23.D7_MC,0.5429,71795.421
P23.D7_MC,0.5377,72727.925
P23.D7_MC,0.5394,73660.508
P23.D7_MC,0.1266,0
P23.D7_MC,0.1289,927.268
P23.D7_MC,0.1213,1859.687
P23.D7_MC,0.124,2792.16
P23.D7_MC,0.1289,3724.632
P23.D7_MC,0.1336,4657.102
P23.D7_MC,0.1401,5589.631
P23.D7_MC,0.1495,6522.193
P23.D7_MC,0.1612,7454.487
P23.D7_MC,0.1742,8386.937
P23.D7_MC,0.1886,9319.439
P23.D7_MC,0.2027,10251.889
P23.D7_MC,0.2174,11184.439
P23.D7_MC,0.2362,12116.883
P23.D7_MC,0.2516,13049.281
P23.D7_MC,0.2634,13981.655
P23.D7_MC,0.2738,14914.142
P23.D7_MC,0.2802,15846.702
P23.D7_MC,0.2953,16779.28
P23.D7_MC,0.3168,17711.855
P23.D7_MC,0.3205,18644.329
P23.D7_MC,0.3268,19576.844
P23.D7_MC,0.3334,20509.373
P23.D7_MC,0.3427,21441.922
P23.D7_MC,0.3425,22374.504
P23.D7_MC,0.3728,23307.015
P23.D7_MC,0.3686,24239.47
P23.D7_MC,0.3905,25171.902
P23.D7_MC,0.39,26104.468
P23.D7_MC,0.4145,27037.057
P23.D7_MC,0.4417,27969.65
P23.D7_MC,0.4319,28902.088
P23.D7_MC,0.4481,29834.682
P23.D7_MC,0.4532,30767.242
P23.D7_MC,0.4635,31699.776
P23.D7_MC,0.4669,32632.176
P23.D7_MC,0.4822,33564.472
P23.D7_MC,0.4913,34496.941
P23.D7_MC,0.5048,35429.418
P23.D7_MC,0.5116,36361.963
P23.D7_MC,0.5261,37294.415
P23.D7_MC,0.5254,38226.892
P23.D7_MC,0.5329,39159.364
P23.D7_MC,0.5439,40091.808
P23.D7_MC,0.549,41024.249
P23.D7_MC,0.5442,41956.683
P23.D7_MC,0.5357,42889.133
P23.D7_MC,0.5373,43821.583
P23.D7_MC,0.5324,44754.073
P23.D7_MC,0.5557,45686.536
P23.D7_MC,0.5496,46618.992
P23.D7_MC,0.5586,47551.547
P23.D7_MC,0.5656,48483.921
P23.D7_MC,0.5677,49416.364
P23.D7_MC,0.5662,50348.834
P23.D7_MC,0.5757,51281.358
P23.D7_MC,0.5722,52213.762
P23.D7_MC,0.578,53146.312
P23.D7_MC,0.5768,54078.693
P23.D7_MC,0.5833,55011.144
P23.D7_MC,0.5797,55943.634
P23.D7_MC,0.5866,56876.186
P23.D7_MC,0.5774,57808.624
P23.D7_MC,0.5834,58741.026
P23.D7_MC,0.5779,59673.323
P23.D7_MC,0.5721,60605.752
P23.D7_MC,0.576,61538.212
P23.D7_MC,0.5703,62470.619
P23.D7_MC,0.5695,63403.101
P23.D7_MC,0.5666,64335.647
P23.D7_MC,0.5629,65268.122
P23.D7_MC,0.5611,66200.595
P23.D7_MC,0.5594,67133.085
P23.D7_MC,0.558,68065.552
P23.D7_MC,0.5562,68998.018
P23.D7_MC,0.5547,69930.555
P23.D7_MC,0.5524,70863.021
P23.D7_MC,0.5504,71795.421
P23.D7_MC,0.5494,72727.925
P23.D7_MC,0.5462,73660.508
P23.D7_MC,0.1204,0
P23.D7_MC,0.1243,927.268
P23.D7_MC,0.1176,1859.687
P23.D7_MC,0.12,2792.16
P23.D7_MC,0.1235,3724.632
P23.D7_MC,0.128,4657.102
P23.D7_MC,0.1338,5589.631
P23.D7_MC,0.1427,6522.193
P23.D7_MC,0.1533,7454.487
P23.D7_MC,0.1661,8386.937
P23.D7_MC,0.1792,9319.439
P23.D7_MC,0.1923,10251.889
P23.D7_MC,0.2065,11184.439
P23.D7_MC,0.2223,12116.883
P23.D7_MC,0.2342,13049.281
P23.D7_MC,0.2517,13981.655
P23.D7_MC,0.2628,14914.142
P23.D7_MC,0.2711,15846.702
P23.D7_MC,0.2872,16779.28
P23.D7_MC,0.3085,17711.855
P23.D7_MC,0.3181,18644.329
P23.D7_MC,0.3295,19576.844
P23.D7_MC,0.3368,20509.373
P23.D7_MC,0.3519,21441.922
P23.D7_MC,0.3626,22374.504
P23.D7_MC,0.3738,23307.015
P23.D7_MC,0.3918,24239.47
P23.D7_MC,0.3849,25171.902
P23.D7_MC,0.4267,26104.468
P23.D7_MC,0.4283,27037.057
P23.D7_MC,0.4368,27969.65
P23.D7_MC,0.4429,28902.088
P23.D7_MC,0.4423,29834.682
P23.D7_MC,0.4561,30767.242
P23.D7_MC,0.4587,31699.776
P23.D7_MC,0.4821,32632.176
P23.D7_MC,0.4851,33564.472
P23.D7_MC,0.4966,34496.941
P23.D7_MC,0.5047,35429.418
P23.D7_MC,0.5103,36361.963
P23.D7_MC,0.5202,37294.415
P23.D7_MC,0.5227,38226.892
P23.D7_MC,0.5276,39159.364
P23.D7_MC,0.5309,40091.808
P23.D7_MC,0.5225,41024.249
P23.D7_MC,0.5068,41956.683
P23.D7_MC,0.5189,42889.133
P23.D7_MC,0.5191,43821.583
P23.D7_MC,0.5287,44754.073
P23.D7_MC,0.5392,45686.536
P23.D7_MC,0.5503,46618.992
P23.D7_MC,0.5506,47551.547
P23.D7_MC,0.5535,48483.921
P23.D7_MC,0.56,49416.364
P23.D7_MC,0.5631,50348.834
P23.D7_MC,0.5693,51281.358
P23.D7_MC,0.5681,52213.762
P23.D7_MC,0.572,53146.312
P23.D7_MC,0.5668,54078.693
P23.D7_MC,0.5714,55011.144
P23.D7_MC,0.5686,55943.634
P23.D7_MC,0.5697,56876.186
P23.D7_MC,0.5688,57808.624
P23.D7_MC,0.567,58741.026
P23.D7_MC,0.5689,59673.323
P23.D7_MC,0.5677,60605.752
P23.D7_MC,0.5692,61538.212
P23.D7_MC,0.5668,62470.619
P23.D7_MC,0.5681,63403.101
P23.D7_MC,0.565,64335.647
P23.D7_MC,0.5648,65268.122
P23.D7_MC,0.5624,66200.595
P23.D7_MC,0.5625,67133.085
P23.D7_MC,0.5618,68065.552
P23.D7_MC,0.5587,68998.018
P23.D7_MC,0.5571,69930.555
P23.D7_MC,0.5533,70863.021
P23.D7_MC,0.5549,71795.421
P23.D7_MC,0.5505,72727.925
P23.D7_MC,0.5486,73660.508