Well,Sample,OD600,Time (s)
A1,LB,0.0503,0
A1,LB,0.0503,913.444
A1,LB,0.0501,1826.772
A1,LB,0.0502,2740.112
A1,LB,0.0522,3653.458
A1,LB,0.0503,4566.749
A1,LB,0.0502,5480.064
A1,LB,0.0504,6393.365
A1,LB,0.0505,7306.725
A1,LB,0.0504,8220.029
A1,LB,0.0507,9133.368
A1,LB,0.0511,10046.679
A1,LB,0.0515,10960.013
A1,LB,0.0513,11873.355
A1,LB,0.0518,12786.673
A1,LB,0.052,13700.011
A1,LB,0.0514,14613.35
A1,LB,0.0516,15526.682
A1,LB,0.0513,16440.01
A1,LB,0.0512,17353.331
A1,LB,0.0515,18266.651
A1,LB,0.0512,19180.003
A1,LB,0.0511,20093.344
A1,LB,0.0511,21006.696
A1,LB,0.0516,21920.035
A1,LB,0.0518,22833.357
A1,LB,0.0507,23746.686
A1,LB,0.0509,24660.013
A1,LB,0.0507,25573.297
A1,LB,0.0506,26486.609
A1,LB,0.0506,27399.919
A1,LB,0.0507,28313.256
A1,LB,0.0509,29226.584
A1,LB,0.0505,30139.934
A1,LB,0.0503,31053.283
A1,LB,0.0503,31966.681
A1,LB,0.0501,32880.034
A1,LB,0.0499,33793.345
A1,LB,0.05,34706.688
A1,LB,0.0502,35620.004
A1,LB,0.0503,36533.348
A1,LB,0.0506,37446.667
A1,LB,0.0502,38359.961
A1,LB,0.0499,39273.298
A1,LB,0.0498,40186.619
A1,LB,0.0501,41099.964
A1,LB,0.0504,42013.302
A1,LB,0.0502,42926.666
A1,LB,0.0496,43839.971
A1,LB,0.0498,44753.313
A1,LB,0.05,45666.628
A1,LB,0.0498,46579.961
A1,LB,0.0498,47493.281
A1,LB,0.0502,48406.586
A1,LB,0.0503,49319.917
A1,LB,0.0494,50233.266
A1,LB,0.0494,51146.595
A1,LB,0.0496,52059.903
A1,LB,0.0494,52973.178
A1,LB,0.0492,53886.505
A1,LB,0.0489,54799.86
A1,LB,0.0487,55713.21
A1,LB,0.0481,56626.569
A1,LB,0.0477,57539.948
A1,LB,0.0483,58453.25
A1,LB,0.0472,59366.633
A1,LB,0.0465,60279.936
A1,LB,0.0463,61193.257
A1,LB,0.0463,62106.558
A1,LB,0.0463,63019.877
A1,LB,0.0466,63933.216
A1,LB,0.0469,64846.502
A1,LB,0.0471,65759.79
A1,LB,0.0467,66673.099
A1,LB,0.0479,67586.453
A1,LB,0.0465,68499.796
A1,LB,0.0459,69413.162
A1,LB,0.0464,70326.482
A1,LB,0.0465,71239.832
A1,LB,0.0468,72153.16
A1,LB,0.0465,73066.487
A1,LB,0.0461,73979.795
A1,LB,0.0457,74893.108
A1,LB,0.0452,75806.441
A1,LB,0.0455,76719.788
A1,LB,0.0459,77633.117
A1,LB,0.0458,78546.476
A1,LB,0.0452,79459.802
A1,LB,0.0454,80373.122
A1,LB,0.046,81286.46
A1,LB,0.0529,82199.799
A1,LB,0.0534,83113.097
A1,LB,0.0534,84026.457
A1,LB,0.0536,84939.784
A1,LB,0.0538,85853.125
A1,LB,0.0537,86766.503
A6,LB,0.0517,0
A6,LB,0.0518,913.444
A6,LB,0.0517,1826.772
A6,LB,0.0517,2740.112
A6,LB,0.052,3653.458
A6,LB,0.0516,4566.749
A6,LB,0.0517,5480.064
A6,LB,0.0514,6393.365
A6,LB,0.0518,7306.725
A6,LB,0.0514,8220.029
A6,LB,0.0516,9133.368
A6,LB,0.052,10046.679
A6,LB,0.0516,10960.013
A6,LB,0.0513,11873.355
A6,LB,0.0514,12786.673
A6,LB,0.0523,13700.011
A6,LB,0.0517,14613.35
A6,LB,0.0514,15526.682
A6,LB,0.0514,16440.01
A6,LB,0.0513,17353.331
A6,LB,0.0512,18266.651
A6,LB,0.0516,19180.003
A6,LB,0.0515,20093.344
A6,LB,0.0513,21006.696
A6,LB,0.0515,21920.035
A6,LB,0.0513,22833.357
A6,LB,0.051,23746.686
A6,LB,0.0514,24660.013
A6,LB,0.0514,25573.297
A6,LB,0.0517,26486.609
A6,LB,0.0516,27399.919
A6,LB,0.0515,28313.256
A6,LB,0.0515,29226.584
A6,LB,0.0513,30139.934
A6,LB,0.0509,31053.283
A6,LB,0.0512,31966.681
A6,LB,0.0513,32880.034
A6,LB,0.0511,33793.345
A6,LB,0.0511,34706.688
A6,LB,0.0507,35620.004
A6,LB,0.0507,36533.348
A6,LB,0.0501,37446.667
A6,LB,0.05,38359.961
A6,LB,0.0498,39273.298
A6,LB,0.0499,40186.619
A6,LB,0.0494,41099.964
A6,LB,0.0494,42013.302
A6,LB,0.0495,42926.666
A6,LB,0.0494,43839.971
A6,LB,0.0492,44753.313
A6,LB,0.0491,45666.628
A6,LB,0.0491,46579.961
A6,LB,0.049,47493.281
A6,LB,0.049,48406.586
A6,LB,0.0489,49319.917
A6,LB,0.0487,50233.266
A6,LB,0.0484,51146.595
A6,LB,0.0486,52059.903
A6,LB,0.0485,52973.178
A6,LB,0.0485,53886.505
A6,LB,0.0484,54799.86
A6,LB,0.0486,55713.21
A6,LB,0.0491,56626.569
A6,LB,0.0496,57539.948
A6,LB,0.0493,58453.25
A6,LB,0.0498,59366.633
A6,LB,0.0499,60279.936
A6,LB,0.0498,61193.257
A6,LB,0.0502,62106.558
A6,LB,0.05,63019.877
A6,LB,0.0502,63933.216
A6,LB,0.0498,64846.502
A6,LB,0.0499,65759.79
A6,LB,0.0491,66673.099
A6,LB,0.0484,67586.453
A6,LB,0.0473,68499.796
A6,LB,0.0469,69413.162
A6,LB,0.0471,70326.482
A6,LB,0.0476,71239.832
A6,LB,0.0484,72153.16
A6,LB,0.0477,73066.487
A6,LB,0.0489,73979.795
A6,LB,0.0477,74893.108
A6,LB,0.0476,75806.441
A6,LB,0.0504,76719.788
A6,LB,0.0518,77633.117
A6,LB,0.0511,78546.476
A6,LB,0.0491,79459.802
A6,LB,0.0469,80373.122
A6,LB,0.0468,81286.46
A6,LB,0.0469,82199.799
A6,LB,0.0467,83113.097
A6,LB,0.0464,84026.457
A6,LB,0.0474,84939.784
A6,LB,0.0553,85853.125
A6,LB,0.0561,86766.503
A8,P13.D10_MC,0.0774,0
A8,P13.D10_MC,0.08,913.444
A8,P13.D10_MC,0.0825,1826.772
A8,P13.D10_MC,0.0861,2740.112
A8,P13.D10_MC,0.0899,3653.458
A8,P13.D10_MC,0.0934,4566.749
A8,P13.D10_MC,0.0978,5480.064
A8,P13.D10_MC,0.1025,6393.365
A8,P13.D10_MC,0.1087,7306.725
A8,P13.D10_MC,0.116,8220.029
A8,P13.D10_MC,0.1253,9133.368
A8,P13.D10_MC,0.1371,10046.679
A8,P13.D10_MC,0.1513,10960.013
A8,P13.D10_MC,0.1699,11873.355
A8,P13.D10_MC,0.1878,12786.673
A8,P13.D10_MC,0.2102,13700.011
A8,P13.D10_MC,0.2404,14613.35
A8,P13.D10_MC,0.2746,15526.682
A8,P13.D10_MC,0.3068,16440.01
A8,P13.D10_MC,0.3401,17353.331
A8,P13.D10_MC,0.3737,18266.651
A8,P13.D10_MC,0.4009,19180.003
A8,P13.D10_MC,0.4299,20093.344
A8,P13.D10_MC,0.4555,21006.696
A8,P13.D10_MC,0.4765,21920.035
A8,P13.D10_MC,0.5014,22833.357
A8,P13.D10_MC,0.5141,23746.686
A8,P13.D10_MC,0.5316,24660.013
A8,P13.D10_MC,0.5452,25573.297
A8,P13.D10_MC,0.5602,26486.609
A8,P13.D10_MC,0.5811,27399.919
A8,P13.D10_MC,0.5951,28313.256
A8,P13.D10_MC,0.6012,29226.584
A8,P13.D10_MC,0.6165,30139.934
A8,P13.D10_MC,0.6307,31053.283
A8,P13.D10_MC,0.6425,31966.681
A8,P13.D10_MC,0.6407,32880.034
A8,P13.D10_MC,0.6491,33793.345
A8,P13.D10_MC,0.6501,34706.688
A8,P13.D10_MC,0.65,35620.004
A8,P13.D10_MC,0.6532,36533.348
A8,P13.D10_MC,0.6349,37446.667
A8,P13.D10_MC,0.6355,38359.961
A8,P13.D10_MC,0.6559,39273.298
A8,P13.D10_MC,0.6234,40186.619
A8,P13.D10_MC,0.6149,41099.964
A8,P13.D10_MC,0.6113,42013.302
A8,P13.D10_MC,0.6019,42926.666
A8,P13.D10_MC,0.5961,43839.971
A8,P13.D10_MC,0.5824,44753.313
A8,P13.D10_MC,0.5711,45666.628
A8,P13.D10_MC,0.5562,46579.961
A8,P13.D10_MC,0.5395,47493.281
A8,P13.D10_MC,0.5254,48406.586
A8,P13.D10_MC,0.5135,49319.917
A8,P13.D10_MC,0.4948,50233.266
A8,P13.D10_MC,0.4784,51146.595
A8,P13.D10_MC,0.4749,52059.903
A8,P13.D10_MC,0.4742,52973.178
A8,P13.D10_MC,0.4571,53886.505
A8,P13.D10_MC,0.4477,54799.86
A8,P13.D10_MC,0.4386,55713.21
A8,P13.D10_MC,0.4233,56626.569
A8,P13.D10_MC,0.4082,57539.948
A8,P13.D10_MC,0.396,58453.25
A8,P13.D10_MC,0.3824,59366.633
A8,P13.D10_MC,0.3648,60279.936
A8,P13.D10_MC,0.3548,61193.257
A8,P13.D10_MC,0.3403,62106.558
A8,P13.D10_MC,0.3251,63019.877
A8,P13.D10_MC,0.3063,63933.216
A8,P13.D10_MC,0.287,64846.502
A8,P13.D10_MC,0.2657,65759.79
A8,P13.D10_MC,0.2429,66673.099
A8,P13.D10_MC,0.2137,67586.453
A8,P13.D10_MC,0.1836,68499.796
A8,P13.D10_MC,0.1512,69413.162
A8,P13.D10_MC,0.1169,70326.482
A8,P13.D10_MC,0.0933,71239.832
A8,P13.D10_MC,0.0838,72153.16
A8,P13.D10_MC,0.0807,73066.487
A8,P13.D10_MC,0.0694,73979.795
A8,P13.D10_MC,0.0606,74893.108
A8,P13.D10_MC,0.0593,75806.441
A8,P13.D10_MC,0.0547,76719.788
A8,P13.D10_MC,0.0547,77633.117
A8,P13.D10_MC,0.0534,78546.476
A8,P13.D10_MC,0.052,79459.802
A8,P13.D10_MC,0.0505,80373.122
A8,P13.D10_MC,0.0493,81286.46
A8,P13.D10_MC,0.0485,82199.799
A8,P13.D10_MC,0.0484,83113.097
A8,P13.D10_MC,0.049,84026.457
A8,P13.D10_MC,0.0494,84939.784
A8,P13.D10_MC,0.0484,85853.125
A8,P13.D10_MC,0.0488,86766.503
A11,P22.B2_MC,0.0597,0
A11,P22.B2_MC,0.0608,913.444
A11,P22.B2_MC,0.0626,1826.772
A11,P22.B2_MC,0.0652,2740.112
A11,P22.B2_MC,0.0655,3653.458
A11,P22.B2_MC,0.0658,4566.749
A11,P22.B2_MC,0.0667,5480.064
A11,P22.B2_MC,0.0696,6393.365
A11,P22.B2_MC,0.0729,7306.725
A11,P22.B2_MC,0.0773,8220.029
A11,P22.B2_MC,0.0828,9133.368
A11,P22.B2_MC,0.0911,10046.679
A11,P22.B2_MC,0.1038,10960.013
A11,P22.B2_MC,0.1225,11873.355
A11,P22.B2_MC,0.1446,12786.673
A11,P22.B2_MC,0.174,13700.011
A11,P22.B2_MC,0.201,14613.35
A11,P22.B2_MC,0.2193,15526.682
A11,P22.B2_MC,0.2512,16440.01
A11,P22.B2_MC,0.2705,17353.331
A11,P22.B2_MC,0.2934,18266.651
A11,P22.B2_MC,0.3112,19180.003
A11,P22.B2_MC,0.3291,20093.344
A11,P22.B2_MC,0.3504,21006.696
A11,P22.B2_MC,0.3712,21920.035
A11,P22.B2_MC,0.3885,22833.357
A11,P22.B2_MC,0.4061,23746.686
A11,P22.B2_MC,0.4178,24660.013
A11,P22.B2_MC,0.4222,25573.297
A11,P22.B2_MC,0.4327,26486.609
A11,P22.B2_MC,0.4373,27399.919
A11,P22.B2_MC,0.4422,28313.256
A11,P22.B2_MC,0.4469,29226.584
A11,P22.B2_MC,0.4583,30139.934
A11,P22.B2_MC,0.4625,31053.283
A11,P22.B2_MC,0.462,31966.681
A11,P22.B2_MC,0.4587,32880.034
A11,P22.B2_MC,0.4633,33793.345
A11,P22.B2_MC,0.4512,34706.688
A11,P22.B2_MC,0.4448,35620.004
A11,P22.B2_MC,0.4379,36533.348
A11,P22.B2_MC,0.4253,37446.667
A11,P22.B2_MC,0.4202,38359.961
A11,P22.B2_MC,0.4124,39273.298
A11,P22.B2_MC,0.4014,40186.619
A11,P22.B2_MC,0.388,41099.964
A11,P22.B2_MC,0.3744,42013.302
A11,P22.B2_MC,0.3644,42926.666
A11,P22.B2_MC,0.3555,43839.971
A11,P22.B2_MC,0.3449,44753.313
A11,P22.B2_MC,0.3331,45666.628
A11,P22.B2_MC,0.3241,46579.961
A11,P22.B2_MC,0.3025,47493.281
A11,P22.B2_MC,0.296,48406.586
A11,P22.B2_MC,0.2867,49319.917
A11,P22.B2_MC,0.2704,50233.266
A11,P22.B2_MC,0.2595,51146.595
A11,P22.B2_MC,0.2546,52059.903
A11,P22.B2_MC,0.2391,52973.178
A11,P22.B2_MC,0.2325,53886.505
A11,P22.B2_MC,0.2263,54799.86
A11,P22.B2_MC,0.2701,55713.21
A11,P22.B2_MC,0.2537,56626.569
A11,P22.B2_MC,0.2198,57539.948
A11,P22.B2_MC,0.1862,58453.25
A11,P22.B2_MC,0.1899,59366.633
A11,P22.B2_MC,0.1589,60279.936
A11,P22.B2_MC,0.1374,61193.257
A11,P22.B2_MC,0.1225,62106.558
A11,P22.B2_MC,0.105,63019.877
A11,P22.B2_MC,0.0818,63933.216
A11,P22.B2_MC,0.0724,64846.502
A11,P22.B2_MC,0.0636,65759.79
A11,P22.B2_MC,0.0608,66673.099
A11,P22.B2_MC,0.0535,67586.453
A11,P22.B2_MC,0.0513,68499.796
A11,P22.B2_MC,0.0475,69413.162
A11,P22.B2_MC,0.0461,70326.482
A11,P22.B2_MC,0.046,71239.832
A11,P22.B2_MC,0.0459,72153.16
A11,P22.B2_MC,0.0452,73066.487
A11,P22.B2_MC,0.0446,73979.795
A11,P22.B2_MC,0.0441,74893.108
A11,P22.B2_MC,0.0437,75806.441
A11,P22.B2_MC,0.0439,76719.788
A11,P22.B2_MC,0.0444,77633.117
A11,P22.B2_MC,0.0434,78546.476
A11,P22.B2_MC,0.0436,79459.802
A11,P22.B2_MC,0.0444,80373.122
A11,P22.B2_MC,0.0529,81286.46
A11,P22.B2_MC,0.0553,82199.799
A11,P22.B2_MC,0.056,83113.097
A11,P22.B2_MC,0.0562,84026.457
A11,P22.B2_MC,0.0562,84939.784
A11,P22.B2_MC,0.0563,85853.125
A11,P22.B2_MC,0.0564,86766.503
B3,P20.H5,0.0684,0
B3,P20.H5,0.067,913.444
B3,P20.H5,0.0671,1826.772
B3,P20.H5,0.0692,2740.112
B3,P20.H5,0.0708,3653.458
B3,P20.H5,0.0698,4566.749
B3,P20.H5,0.0705,5480.064
B3,P20.H5,0.072,6393.365
B3,P20.H5,0.0744,7306.725
B3,P20.H5,0.0781,8220.029
B3,P20.H5,0.0838,9133.368
B3,P20.H5,0.0915,10046.679
B3,P20.H5,0.1023,10960.013
B3,P20.H5,0.1181,11873.355
B3,P20.H5,0.1382,12786.673
B3,P20.H5,0.1651,13700.011
B3,P20.H5,0.1948,14613.35
B3,P20.H5,0.2325,15526.682
B3,P20.H5,0.2599,16440.01
B3,P20.H5,0.2862,17353.331
B3,P20.H5,0.3193,18266.651
B3,P20.H5,0.3514,19180.003
B3,P20.H5,0.3827,20093.344
B3,P20.H5,0.4082,21006.696
B3,P20.H5,0.4321,21920.035
B3,P20.H5,0.4472,22833.357
B3,P20.H5,0.4533,23746.686
B3,P20.H5,0.4707,24660.013
B3,P20.H5,0.4761,25573.297
B3,P20.H5,0.4712,26486.609
B3,P20.H5,0.4741,27399.919
B3,P20.H5,0.4664,28313.256
B3,P20.H5,0.46,29226.584
B3,P20.H5,0.438,30139.934
B3,P20.H5,0.4402,31053.283
B3,P20.H5,0.4101,31966.681
B3,P20.H5,0.3921,32880.034
B3,P20.H5,0.3837,33793.345
B3,P20.H5,0.3664,34706.688
B3,P20.H5,0.3483,35620.004
B3,P20.H5,0.3557,36533.348
B3,P20.H5,0.336,37446.667
B3,P20.H5,0.3067,38359.961
B3,P20.H5,0.2934,39273.298
B3,P20.H5,0.2771,40186.619
B3,P20.H5,0.2651,41099.964
B3,P20.H5,0.2449,42013.302
B3,P20.H5,0.2288,42926.666
B3,P20.H5,0.2212,43839.971
B3,P20.H5,0.2069,44753.313
B3,P20.H5,0.188,45666.628
B3,P20.H5,0.1843,46579.961
B3,P20.H5,0.1676,47493.281
B3,P20.H5,0.162,48406.586
B3,P20.H5,0.1516,49319.917
B3,P20.H5,0.1466,50233.266
B3,P20.H5,0.1366,51146.595
B3,P20.H5,0.1306,52059.903
B3,P20.H5,0.125,52973.178
B3,P20.H5,0.1205,53886.505
B3,P20.H5,0.1175,54799.86
B3,P20.H5,0.1118,55713.21
B3,P20.H5,0.1096,56626.569
B3,P20.H5,0.1072,57539.948
B3,P20.H5,0.1041,58453.25
B3,P20.H5,0.1016,59366.633
B3,P20.H5,0.0983,60279.936
B3,P20.H5,0.0975,61193.257
B3,P20.H5,0.0916,62106.558
B3,P20.H5,0.088,63019.877
B3,P20.H5,0.0859,63933.216
B3,P20.H5,0.082,64846.502
B3,P20.H5,0.0793,65759.79
B3,P20.H5,0.0762,66673.099
B3,P20.H5,0.0714,67586.453
B3,P20.H5,0.0675,68499.796
B3,P20.H5,0.0639,69413.162
B3,P20.H5,0.0597,70326.482
B3,P20.H5,0.0555,71239.832
B3,P20.H5,0.0526,72153.16
B3,P20.H5,0.0515,73066.487
B3,P20.H5,0.0505,73979.795
B3,P20.H5,0.0498,74893.108
B3,P20.H5,0.0488,75806.441
B3,P20.H5,0.0486,76719.788
B3,P20.H5,0.0479,77633.117
B3,P20.H5,0.049,78546.476
B3,P20.H5,0.0503,79459.802
B3,P20.H5,0.0512,80373.122
B3,P20.H5,0.0515,81286.46
B3,P20.H5,0.051,82199.799
B3,P20.H5,0.0503,83113.097
B3,P20.H5,0.0492,84026.457
B3,P20.H5,0.0486,84939.784
B3,P20.H5,0.0497,85853.125
B3,P20.H5,0.0485,86766.503
B5,P13.D10,0.0741,0
B5,P13.D10,0.0757,913.444
B5,P13.D10,0.0779,1826.772
B5,P13.D10,0.0815,2740.112
B5,P13.D10,0.0857,3653.458
B5,P13.D10,0.0892,4566.749
B5,P13.D10,0.0937,5480.064
B5,P13.D10,0.0989,6393.365
B5,P13.D10,0.1048,7306.725
B5,P13.D10,0.1121,8220.029
B5,P13.D10,0.1205,9133.368
B5,P13.D10,0.131,10046.679
B5,P13.D10,0.1442,10960.013
B5,P13.D10,0.1592,11873.355
B5,P13.D10,0.1759,12786.673
B5,P13.D10,0.1947,13700.011
B5,P13.D10,0.2166,14613.35
B5,P13.D10,0.2451,15526.682
B5,P13.D10,0.2718,16440.01
B5,P13.D10,0.3009,17353.331
B5,P13.D10,0.3291,18266.651
B5,P13.D10,0.367,19180.003
B5,P13.D10,0.3944,20093.344
B5,P13.D10,0.4243,21006.696
B5,P13.D10,0.4626,21920.035
B5,P13.D10,0.4795,22833.357
B5,P13.D10,0.5,23746.686
B5,P13.D10,0.5326,24660.013
B5,P13.D10,0.5292,25573.297
B5,P13.D10,0.5477,26486.609
B5,P13.D10,0.5439,27399.919
B5,P13.D10,0.5496,28313.256
B5,P13.D10,0.5241,29226.584
B5,P13.D10,0.5223,30139.934
B5,P13.D10,0.5441,31053.283
B5,P13.D10,0.523,31966.681
B5,P13.D10,0.5315,32880.034
B5,P13.D10,0.5066,33793.345
B5,P13.D10,0.5005,34706.688
B5,P13.D10,0.4031,35620.004
B5,P13.D10,0.4286,36533.348
B5,P13.D10,0.3841,37446.667
B5,P13.D10,0.4037,38359.961
B5,P13.D10,0.3705,39273.298
B5,P13.D10,0.3703,40186.619
B5,P13.D10,0.3442,41099.964
B5,P13.D10,0.341,42013.302
B5,P13.D10,0.3233,42926.666
B5,P13.D10,0.3349,43839.971
B5,P13.D10,0.2896,44753.313
B5,P13.D10,0.2747,45666.628
B5,P13.D10,0.2618,46579.961
B5,P13.D10,0.2545,47493.281
B5,P13.D10,0.2367,48406.586
B5,P13.D10,0.2302,49319.917
B5,P13.D10,0.2224,50233.266
B5,P13.D10,0.2062,51146.595
B5,P13.D10,0.2034,52059.903
B5,P13.D10,0.1978,52973.178
B5,P13.D10,0.1883,53886.505
B5,P13.D10,0.1833,54799.86
B5,P13.D10,0.1802,55713.21
B5,P13.D10,0.1749,56626.569
B5,P13.D10,0.1699,57539.948
B5,P13.D10,0.1655,58453.25
B5,P13.D10,0.1591,59366.633
B5,P13.D10,0.1568,60279.936
B5,P13.D10,0.1519,61193.257
B5,P13.D10,0.1457,62106.558
B5,P13.D10,0.1366,63019.877
B5,P13.D10,0.1288,63933.216
B5,P13.D10,0.121,64846.502
B5,P13.D10,0.1153,65759.79
B5,P13.D10,0.1082,66673.099
B5,P13.D10,0.1029,67586.453
B5,P13.D10,0.0959,68499.796
B5,P13.D10,0.0886,69413.162
B5,P13.D10,0.0817,70326.482
B5,P13.D10,0.0743,71239.832
B5,P13.D10,0.0671,72153.16
B5,P13.D10,0.0597,73066.487
B5,P13.D10,0.0547,73979.795
B5,P13.D10,0.0516,74893.108
B5,P13.D10,0.0494,75806.441
B5,P13.D10,0.0477,76719.788
B5,P13.D10,0.0465,77633.117
B5,P13.D10,0.0467,78546.476
B5,P13.D10,0.0473,79459.802
B5,P13.D10,0.0463,80373.122
B5,P13.D10,0.0455,81286.46
B5,P13.D10,0.0448,82199.799
B5,P13.D10,0.0442,83113.097
B5,P13.D10,0.0437,84026.457
B5,P13.D10,0.0437,84939.784
B5,P13.D10,0.0438,85853.125
B5,P13.D10,0.0442,86766.503
B8,LB_MC,0.0516,0
B8,LB_MC,0.0518,913.444
B8,LB_MC,0.0516,1826.772
B8,LB_MC,0.0519,2740.112
B8,LB_MC,0.0522,3653.458
B8,LB_MC,0.0522,4566.749
B8,LB_MC,0.0523,5480.064
B8,LB_MC,0.0521,6393.365
B8,LB_MC,0.0521,7306.725
B8,LB_MC,0.0521,8220.029
B8,LB_MC,0.052,9133.368
B8,LB_MC,0.0524,10046.679
B8,LB_MC,0.0523,10960.013
B8,LB_MC,0.0521,11873.355
B8,LB_MC,0.0519,12786.673
B8,LB_MC,0.0521,13700.011
B8,LB_MC,0.0531,14613.35
B8,LB_MC,0.0526,15526.682
B8,LB_MC,0.0524,16440.01
B8,LB_MC,0.0528,17353.331
B8,LB_MC,0.0533,18266.651
B8,LB_MC,0.0551,19180.003
B8,LB_MC,0.0551,20093.344
B8,LB_MC,0.0549,21006.696
B8,LB_MC,0.0551,21920.035
B8,LB_MC,0.0547,22833.357
B8,LB_MC,0.055,23746.686
B8,LB_MC,0.055,24660.013
B8,LB_MC,0.0546,25573.297
B8,LB_MC,0.0549,26486.609
B8,LB_MC,0.0547,27399.919
B8,LB_MC,0.0589,28313.256
B8,LB_MC,0.0581,29226.584
B8,LB_MC,0.06,30139.934
B8,LB_MC,0.0569,31053.283
B8,LB_MC,0.0581,31966.681
B8,LB_MC,0.057,32880.034
B8,LB_MC,0.0568,33793.345
B8,LB_MC,0.0554,34706.688
B8,LB_MC,0.0554,35620.004
B8,LB_MC,0.0588,36533.348
B8,LB_MC,0.0552,37446.667
B8,LB_MC,0.0554,38359.961
B8,LB_MC,0.0533,39273.298
B8,LB_MC,0.0523,40186.619
B8,LB_MC,0.0522,41099.964
B8,LB_MC,0.0521,42013.302
B8,LB_MC,0.052,42926.666
B8,LB_MC,0.052,43839.971
B8,LB_MC,0.0519,44753.313
B8,LB_MC,0.0538,45666.628
B8,LB_MC,0.0525,46579.961
B8,LB_MC,0.0523,47493.281
B8,LB_MC,0.0528,48406.586
B8,LB_MC,0.0516,49319.917
B8,LB_MC,0.0527,50233.266
B8,LB_MC,0.0532,51146.595
B8,LB_MC,0.0529,52059.903
B8,LB_MC,0.0516,52973.178
B8,LB_MC,0.0511,53886.505
B8,LB_MC,0.0499,54799.86
B8,LB_MC,0.0504,55713.21
B8,LB_MC,0.0498,56626.569
B8,LB_MC,0.0498,57539.948
B8,LB_MC,0.0497,58453.25
B8,LB_MC,0.0497,59366.633
B8,LB_MC,0.0497,60279.936
B8,LB_MC,0.0495,61193.257
B8,LB_MC,0.0497,62106.558
B8,LB_MC,0.0494,63019.877
B8,LB_MC,0.049,63933.216
B8,LB_MC,0.0487,64846.502
B8,LB_MC,0.0485,65759.79
B8,LB_MC,0.0476,66673.099
B8,LB_MC,0.0475,67586.453
B8,LB_MC,0.047,68499.796
B8,LB_MC,0.0553,69413.162
B8,LB_MC,0.0511,70326.482
B8,LB_MC,0.0467,71239.832
B8,LB_MC,0.047,72153.16
B8,LB_MC,0.0471,73066.487
B8,LB_MC,0.0474,73979.795
B8,LB_MC,0.0477,74893.108
B8,LB_MC,0.0475,75806.441
B8,LB_MC,0.0474,76719.788
B8,LB_MC,0.0475,77633.117
B8,LB_MC,0.0475,78546.476
B8,LB_MC,0.0474,79459.802
B8,LB_MC,0.047,80373.122
B8,LB_MC,0.0482,81286.46
B8,LB_MC,0.0475,82199.799
B8,LB_MC,0.048,83113.097
B8,LB_MC,0.0466,84026.457
B8,LB_MC,0.0461,84939.784
B8,LB_MC,0.0454,85853.125
B8,LB_MC,0.0463,86766.503
B10,P21.F9_MC,0.0714,0
B10,P21.F9_MC,0.0717,913.444
B10,P21.F9_MC,0.0725,1826.772
B10,P21.F9_MC,0.0742,2740.112
B10,P21.F9_MC,0.0765,3653.458
B10,P21.F9_MC,0.0797,4566.749
B10,P21.F9_MC,0.0821,5480.064
B10,P21.F9_MC,0.0844,6393.365
B10,P21.F9_MC,0.0893,7306.725
B10,P21.F9_MC,0.0935,8220.029
B10,P21.F9_MC,0.0989,9133.368
B10,P21.F9_MC,0.1049,10046.679
B10,P21.F9_MC,0.1113,10960.013
B10,P21.F9_MC,0.1202,11873.355
B10,P21.F9_MC,0.1312,12786.673
B10,P21.F9_MC,0.1446,13700.011
B10,P21.F9_MC,0.1575,14613.35
B10,P21.F9_MC,0.174,15526.682
B10,P21.F9_MC,0.1945,16440.01
B10,P21.F9_MC,0.2217,17353.331
B10,P21.F9_MC,0.2499,18266.651
B10,P21.F9_MC,0.2756,19180.003
B10,P21.F9_MC,0.303,20093.344
B10,P21.F9_MC,0.3277,21006.696
B10,P21.F9_MC,0.3528,21920.035
B10,P21.F9_MC,0.3796,22833.357
B10,P21.F9_MC,0.4076,23746.686
B10,P21.F9_MC,0.4351,24660.013
B10,P21.F9_MC,0.4527,25573.297
B10,P21.F9_MC,0.4629,26486.609
B10,P21.F9_MC,0.471,27399.919
B10,P21.F9_MC,0.4787,28313.256
B10,P21.F9_MC,0.4882,29226.584
B10,P21.F9_MC,0.5227,30139.934
B10,P21.F9_MC,0.5241,31053.283
B10,P21.F9_MC,0.5354,31966.681
B10,P21.F9_MC,0.551,32880.034
B10,P21.F9_MC,0.5356,33793.345
B10,P21.F9_MC,0.5446,34706.688
B10,P21.F9_MC,0.5596,35620.004
B10,P21.F9_MC,0.546,36533.348
B10,P21.F9_MC,0.5747,37446.667
B10,P21.F9_MC,0.5578,38359.961
B10,P21.F9_MC,0.5463,39273.298
B10,P21.F9_MC,0.5666,40186.619
B10,P21.F9_MC,0.5577,41099.964
B10,P21.F9_MC,0.5022,42013.302
B10,P21.F9_MC,0.5198,42926.666
B10,P21.F9_MC,0.4863,43839.971
B10,P21.F9_MC,0.469,44753.313
B10,P21.F9_MC,0.4336,45666.628
B10,P21.F9_MC,0.4092,46579.961
B10,P21.F9_MC,0.3963,47493.281
B10,P21.F9_MC,0.4001,48406.586
B10,P21.F9_MC,0.3835,49319.917
B10,P21.F9_MC,0.3754,50233.266
B10,P21.F9_MC,0.3655,51146.595
B10,P21.F9_MC,0.3612,52059.903
B10,P21.F9_MC,0.3526,52973.178
B10,P21.F9_MC,0.3487,53886.505
B10,P21.F9_MC,0.339,54799.86
B10,P21.F9_MC,0.3309,55713.21
B10,P21.F9_MC,0.3235,56626.569
B10,P21.F9_MC,0.3176,57539.948
B10,P21.F9_MC,0.3054,58453.25
B10,P21.F9_MC,0.2965,59366.633
B10,P21.F9_MC,0.2842,60279.936
B10,P21.F9_MC,0.2695,61193.257
B10,P21.F9_MC,0.2545,62106.558
B10,P21.F9_MC,0.2369,63019.877
B10,P21.F9_MC,0.2188,63933.216
B10,P21.F9_MC,0.2044,64846.502
B10,P21.F9_MC,0.1845,65759.79
B10,P21.F9_MC,0.1657,66673.099
B10,P21.F9_MC,0.1332,67586.453
B10,P21.F9_MC,0.1053,68499.796
B10,P21.F9_MC,0.0894,69413.162
B10,P21.F9_MC,0.0817,70326.482
B10,P21.F9_MC,0.0843,71239.832
B10,P21.F9_MC,0.0846,72153.16
B10,P21.F9_MC,0.0665,73066.487
B10,P21.F9_MC,0.0562,73979.795
B10,P21.F9_MC,0.0509,74893.108
B10,P21.F9_MC,0.049,75806.441
B10,P21.F9_MC,0.0491,76719.788
B10,P21.F9_MC,0.049,77633.117
B10,P21.F9_MC,0.0487,78546.476
B10,P21.F9_MC,0.048,79459.802
B10,P21.F9_MC,0.0474,80373.122
B10,P21.F9_MC,0.0477,81286.46
B10,P21.F9_MC,0.0475,82199.799
B10,P21.F9_MC,0.0476,83113.097
B10,P21.F9_MC,0.0475,84026.457
B10,P21.F9_MC,0.0473,84939.784
B10,P21.F9_MC,0.0476,85853.125
B10,P21.F9_MC,0.0576,86766.503
C2,P22.B2,0.0618,0
C2,P22.B2,0.0636,913.444
C2,P22.B2,0.0657,1826.772
C2,P22.B2,0.0686,2740.112
C2,P22.B2,0.0712,3653.458
C2,P22.B2,0.0731,4566.749
C2,P22.B2,0.0765,5480.064
C2,P22.B2,0.0792,6393.365
C2,P22.B2,0.0838,7306.725
C2,P22.B2,0.087,8220.029
C2,P22.B2,0.0921,9133.368
C2,P22.B2,0.0962,10046.679
C2,P22.B2,0.1038,10960.013
C2,P22.B2,0.1111,11873.355
C2,P22.B2,0.1187,12786.673
C2,P22.B2,0.1306,13700.011
C2,P22.B2,0.148,14613.35
C2,P22.B2,0.1671,15526.682
C2,P22.B2,0.1829,16440.01
C2,P22.B2,0.2028,17353.331
C2,P22.B2,0.2374,18266.651
C2,P22.B2,0.2666,19180.003
C2,P22.B2,0.2931,20093.344
C2,P22.B2,0.3053,21006.696
C2,P22.B2,0.3463,21920.035
C2,P22.B2,0.3684,22833.357
C2,P22.B2,0.378,23746.686
C2,P22.B2,0.4172,24660.013
C2,P22.B2,0.437,25573.297
C2,P22.B2,0.4628,26486.609
C2,P22.B2,0.4622,27399.919
C2,P22.B2,0.4687,28313.256
C2,P22.B2,0.4929,29226.584
C2,P22.B2,0.5002,30139.934
C2,P22.B2,0.5012,31053.283
C2,P22.B2,0.5114,31966.681
C2,P22.B2,0.5065,32880.034
C2,P22.B2,0.4876,33793.345
C2,P22.B2,0.5085,34706.688
C2,P22.B2,0.5085,35620.004
C2,P22.B2,0.4874,36533.348
C2,P22.B2,0.4796,37446.667
C2,P22.B2,0.4903,38359.961
C2,P22.B2,0.4848,39273.298
C2,P22.B2,0.4542,40186.619
C2,P22.B2,0.4568,41099.964
C2,P22.B2,0.428,42013.302
C2,P22.B2,0.4135,42926.666
C2,P22.B2,0.3963,43839.971
C2,P22.B2,0.3904,44753.313
C2,P22.B2,0.3701,45666.628
C2,P22.B2,0.3626,46579.961
C2,P22.B2,0.3547,47493.281
C2,P22.B2,0.3445,48406.586
C2,P22.B2,0.3398,49319.917
C2,P22.B2,0.33,50233.266
C2,P22.B2,0.3186,51146.595
C2,P22.B2,0.3219,52059.903
C2,P22.B2,0.3134,52973.178
C2,P22.B2,0.3071,53886.505
C2,P22.B2,0.3159,54799.86
C2,P22.B2,0.2878,55713.21
C2,P22.B2,0.2802,56626.569
C2,P22.B2,0.2718,57539.948
C2,P22.B2,0.256,58453.25
C2,P22.B2,0.2396,59366.633
C2,P22.B2,0.2213,60279.936
C2,P22.B2,0.2048,61193.257
C2,P22.B2,0.1916,62106.558
C2,P22.B2,0.1803,63019.877
C2,P22.B2,0.1625,63933.216
C2,P22.B2,0.1505,64846.502
C2,P22.B2,0.1296,65759.79
C2,P22.B2,0.1146,66673.099
C2,P22.B2,0.1042,67586.453
C2,P22.B2,0.1008,68499.796
C2,P22.B2,0.0875,69413.162
C2,P22.B2,0.0832,70326.482
C2,P22.B2,0.0828,71239.832
C2,P22.B2,0.0694,72153.16
C2,P22.B2,0.0608,73066.487
C2,P22.B2,0.0485,73979.795
C2,P22.B2,0.046,74893.108
C2,P22.B2,0.0457,75806.441
C2,P22.B2,0.0466,76719.788
C2,P22.B2,0.0461,77633.117
C2,P22.B2,0.0458,78546.476
C2,P22.B2,0.0459,79459.802
C2,P22.B2,0.0462,80373.122
C2,P22.B2,0.0469,81286.46
C2,P22.B2,0.0466,82199.799
C2,P22.B2,0.0462,83113.097
C2,P22.B2,0.0468,84026.457
C2,P22.B2,0.0621,84939.784
C2,P22.B2,0.0685,85853.125
C2,P22.B2,0.0701,86766.503
C3,LB,0.05,0
C3,LB,0.05,913.444
C3,LB,0.05,1826.772
C3,LB,0.0499,2740.112
C3,LB,0.0498,3653.458
C3,LB,0.0496,4566.749
C3,LB,0.0495,5480.064
C3,LB,0.0495,6393.365
C3,LB,0.0493,7306.725
C3,LB,0.0495,8220.029
C3,LB,0.0493,9133.368
C3,LB,0.0492,10046.679
C3,LB,0.0494,10960.013
C3,LB,0.0493,11873.355
C3,LB,0.0491,12786.673
C3,LB,0.0493,13700.011
C3,LB,0.0493,14613.35
C3,LB,0.0497,15526.682
C3,LB,0.0497,16440.01
C3,LB,0.0498,17353.331
C3,LB,0.0499,18266.651
C3,LB,0.0501,19180.003
C3,LB,0.0495,20093.344
C3,LB,0.0492,21006.696
C3,LB,0.0494,21920.035
C3,LB,0.0493,22833.357
C3,LB,0.0495,23746.686
C3,LB,0.049,24660.013
C3,LB,0.0493,25573.297
C3,LB,0.0489,26486.609
C3,LB,0.0487,27399.919
C3,LB,0.0485,28313.256
C3,LB,0.0484,29226.584
C3,LB,0.0484,30139.934
C3,LB,0.0484,31053.283
C3,LB,0.0482,31966.681
C3,LB,0.0481,32880.034
C3,LB,0.048,33793.345
C3,LB,0.0476,34706.688
C3,LB,0.0483,35620.004
C3,LB,0.0475,36533.348
C3,LB,0.0474,37446.667
C3,LB,0.0473,38359.961
C3,LB,0.0471,39273.298
C3,LB,0.0468,40186.619
C3,LB,0.0466,41099.964
C3,LB,0.0464,42013.302
C3,LB,0.0465,42926.666
C3,LB,0.0463,43839.971
C3,LB,0.0461,44753.313
C3,LB,0.046,45666.628
C3,LB,0.0461,46579.961
C3,LB,0.0458,47493.281
C3,LB,0.0463,48406.586
C3,LB,0.0459,49319.917
C3,LB,0.0463,50233.266
C3,LB,0.0464,51146.595
C3,LB,0.0469,52059.903
C3,LB,0.0471,52973.178
C3,LB,0.0472,53886.505
C3,LB,0.0476,54799.86
C3,LB,0.0476,55713.21
C3,LB,0.0479,56626.569
C3,LB,0.0483,57539.948
C3,LB,0.0483,58453.25
C3,LB,0.0485,59366.633
C3,LB,0.0482,60279.936
C3,LB,0.0482,61193.257
C3,LB,0.0484,62106.558
C3,LB,0.0485,63019.877
C3,LB,0.0487,63933.216
C3,LB,0.0484,64846.502
C3,LB,0.0483,65759.79
C3,LB,0.0478,66673.099
C3,LB,0.0472,67586.453
C3,LB,0.0463,68499.796
C3,LB,0.0458,69413.162
C3,LB,0.0455,70326.482
C3,LB,0.0452,71239.832
C3,LB,0.0452,72153.16
C3,LB,0.046,73066.487
C3,LB,0.0466,73979.795
C3,LB,0.0459,74893.108
C3,LB,0.0462,75806.441
C3,LB,0.0455,76719.788
C3,LB,0.0481,77633.117
C3,LB,0.0504,78546.476
C3,LB,0.0491,79459.802
C3,LB,0.0462,80373.122
C3,LB,0.0443,81286.46
C3,LB,0.0442,82199.799
C3,LB,0.0453,83113.097
C3,LB,0.0455,84026.457
C3,LB,0.0465,84939.784
C3,LB,0.0484,85853.125
C3,LB,0.053,86766.503
C5,P21.F9,0.0785,0
C5,P21.F9,0.0781,913.444
C5,P21.F9,0.0789,1826.772
C5,P21.F9,0.0807,2740.112
C5,P21.F9,0.0833,3653.458
C5,P21.F9,0.0861,4566.749
C5,P21.F9,0.0891,5480.064
C5,P21.F9,0.0913,6393.365
C5,P21.F9,0.0952,7306.725
C5,P21.F9,0.0988,8220.029
C5,P21.F9,0.1027,9133.368
C5,P21.F9,0.1078,10046.679
C5,P21.F9,0.1146,10960.013
C5,P21.F9,0.1226,11873.355
C5,P21.F9,0.1319,12786.673
C5,P21.F9,0.1433,13700.011
C5,P21.F9,0.1555,14613.35
C5,P21.F9,0.1726,15526.682
C5,P21.F9,0.197,16440.01
C5,P21.F9,0.221,17353.331
C5,P21.F9,0.2381,18266.651
C5,P21.F9,0.2623,19180.003
C5,P21.F9,0.3015,20093.344
C5,P21.F9,0.3218,21006.696
C5,P21.F9,0.3402,21920.035
C5,P21.F9,0.3618,22833.357
C5,P21.F9,0.4006,23746.686
C5,P21.F9,0.4089,24660.013
C5,P21.F9,0.4422,25573.297
C5,P21.F9,0.4625,26486.609
C5,P21.F9,0.4729,27399.919
C5,P21.F9,0.465,28313.256
C5,P21.F9,0.4943,29226.584
C5,P21.F9,0.4972,30139.934
C5,P21.F9,0.5157,31053.283
C5,P21.F9,0.4907,31966.681
C5,P21.F9,0.5518,32880.034
C5,P21.F9,0.5421,33793.345
C5,P21.F9,0.5676,34706.688
C5,P21.F9,0.5633,35620.004
C5,P21.F9,0.597,36533.348
C5,P21.F9,0.6123,37446.667
C5,P21.F9,0.6047,38359.961
C5,P21.F9,0.5854,39273.298
C5,P21.F9,0.5904,40186.619
C5,P21.F9,0.5916,41099.964
C5,P21.F9,0.5854,42013.302
C5,P21.F9,0.5576,42926.666
C5,P21.F9,0.5298,43839.971
C5,P21.F9,0.5105,44753.313
C5,P21.F9,0.4959,45666.628
C5,P21.F9,0.4813,46579.961
C5,P21.F9,0.4746,47493.281
C5,P21.F9,0.4639,48406.586
C5,P21.F9,0.4568,49319.917
C5,P21.F9,0.4596,50233.266
C5,P21.F9,0.4534,51146.595
C5,P21.F9,0.4424,52059.903
C5,P21.F9,0.4414,52973.178
C5,P21.F9,0.4311,53886.505
C5,P21.F9,0.4207,54799.86
C5,P21.F9,0.4125,55713.21
C5,P21.F9,0.4062,56626.569
C5,P21.F9,0.394,57539.948
C5,P21.F9,0.3864,58453.25
C5,P21.F9,0.3676,59366.633
C5,P21.F9,0.3549,60279.936
C5,P21.F9,0.3404,61193.257
C5,P21.F9,0.321,62106.558
C5,P21.F9,0.301,63019.877
C5,P21.F9,0.2855,63933.216
C5,P21.F9,0.2735,64846.502
C5,P21.F9,0.2515,65759.79
C5,P21.F9,0.232,66673.099
C5,P21.F9,0.2049,67586.453
C5,P21.F9,0.1794,68499.796
C5,P21.F9,0.1486,69413.162
C5,P21.F9,0.124,70326.482
C5,P21.F9,0.1024,71239.832
C5,P21.F9,0.0926,72153.16
C5,P21.F9,0.0876,73066.487
C5,P21.F9,0.0849,73979.795
C5,P21.F9,0.0836,74893.108
C5,P21.F9,0.0734,75806.441
C5,P21.F9,0.0589,76719.788
C5,P21.F9,0.0554,77633.117
C5,P21.F9,0.0556,78546.476
C5,P21.F9,0.0551,79459.802
C5,P21.F9,0.0549,80373.122
C5,P21.F9,0.0544,81286.46
C5,P21.F9,0.0543,82199.799
C5,P21.F9,0.0542,83113.097
C5,P21.F9,0.054,84026.457
C5,P21.F9,0.0541,84939.784
C5,P21.F9,0.0537,85853.125
C5,P21.F9,0.0538,86766.503
C7,P21.F9_MC,0.0753,0
C7,P21.F9_MC,0.0753,913.444
C7,P21.F9_MC,0.0757,1826.772
C7,P21.F9_MC,0.0776,2740.112
C7,P21.F9_MC,0.08,3653.458
C7,P21.F9_MC,0.0826,4566.749
C7,P21.F9_MC,0.0854,5480.064
C7,P21.F9_MC,0.0883,6393.365
C7,P21.F9_MC,0.0917,7306.725
C7,P21.F9_MC,0.0955,8220.029
C7,P21.F9_MC,0.0997,9133.368
C7,P21.F9_MC,0.1043,10046.679
C7,P21.F9_MC,0.1114,10960.013
C7,P21.F9_MC,0.1192,11873.355
C7,P21.F9_MC,0.1284,12786.673
C7,P21.F9_MC,0.14,13700.011
C7,P21.F9_MC,0.1536,14613.35
C7,P21.F9_MC,0.1712,15526.682
C7,P21.F9_MC,0.1921,16440.01
C7,P21.F9_MC,0.214,17353.331
C7,P21.F9_MC,0.2327,18266.651
C7,P21.F9_MC,0.2627,19180.003
C7,P21.F9_MC,0.2917,20093.344
C7,P21.F9_MC,0.3151,21006.696
C7,P21.F9_MC,0.3404,21920.035
C7,P21.F9_MC,0.3521,22833.357
C7,P21.F9_MC,0.3795,23746.686
C7,P21.F9_MC,0.3868,24660.013
C7,P21.F9_MC,0.4147,25573.297
C7,P21.F9_MC,0.4291,26486.609
C7,P21.F9_MC,0.4362,27399.919
C7,P21.F9_MC,0.448,28313.256
C7,P21.F9_MC,0.452,29226.584
C7,P21.F9_MC,0.4894,30139.934
C7,P21.F9_MC,0.5228,31053.283
C7,P21.F9_MC,0.5388,31966.681
C7,P21.F9_MC,0.5431,32880.034
C7,P21.F9_MC,0.5575,33793.345
C7,P21.F9_MC,0.5739,34706.688
C7,P21.F9_MC,0.5636,35620.004
C7,P21.F9_MC,0.5721,36533.348
C7,P21.F9_MC,0.5833,37446.667
C7,P21.F9_MC,0.5927,38359.961
C7,P21.F9_MC,0.5734,39273.298
C7,P21.F9_MC,0.5804,40186.619
C7,P21.F9_MC,0.56,41099.964
C7,P21.F9_MC,0.5586,42013.302
C7,P21.F9_MC,0.5239,42926.666
C7,P21.F9_MC,0.5057,43839.971
C7,P21.F9_MC,0.4945,44753.313
C7,P21.F9_MC,0.4775,45666.628
C7,P21.F9_MC,0.4807,46579.961
C7,P21.F9_MC,0.4716,47493.281
C7,P21.F9_MC,0.4686,48406.586
C7,P21.F9_MC,0.4635,49319.917
C7,P21.F9_MC,0.4644,50233.266
C7,P21.F9_MC,0.4575,51146.595
C7,P21.F9_MC,0.4543,52059.903
C7,P21.F9_MC,0.4463,52973.178
C7,P21.F9_MC,0.4407,53886.505
C7,P21.F9_MC,0.4242,54799.86
C7,P21.F9_MC,0.4205,55713.21
C7,P21.F9_MC,0.4063,56626.569
C7,P21.F9_MC,0.3894,57539.948
C7,P21.F9_MC,0.3793,58453.25
C7,P21.F9_MC,0.3645,59366.633
C7,P21.F9_MC,0.3471,60279.936
C7,P21.F9_MC,0.3269,61193.257
C7,P21.F9_MC,0.3114,62106.558
C7,P21.F9_MC,0.2922,63019.877
C7,P21.F9_MC,0.2781,63933.216
C7,P21.F9_MC,0.2548,64846.502
C7,P21.F9_MC,0.2304,65759.79
C7,P21.F9_MC,0.2065,66673.099
C7,P21.F9_MC,0.1811,67586.453
C7,P21.F9_MC,0.1509,68499.796
C7,P21.F9_MC,0.113,69413.162
C7,P21.F9_MC,0.0904,70326.482
C7,P21.F9_MC,0.0798,71239.832
C7,P21.F9_MC,0.0758,72153.16
C7,P21.F9_MC,0.0758,73066.487
C7,P21.F9_MC,0.0761,73979.795
C7,P21.F9_MC,0.067,74893.108
C7,P21.F9_MC,0.0554,75806.441
C7,P21.F9_MC,0.0534,76719.788
C7,P21.F9_MC,0.0524,77633.117
C7,P21.F9_MC,0.0519,78546.476
C7,P21.F9_MC,0.0511,79459.802
C7,P21.F9_MC,0.0508,80373.122
C7,P21.F9_MC,0.0506,81286.46
C7,P21.F9_MC,0.0508,82199.799
C7,P21.F9_MC,0.0514,83113.097
C7,P21.F9_MC,0.0513,84026.457
C7,P21.F9_MC,0.0509,84939.784
C7,P21.F9_MC,0.0512,85853.125
C7,P21.F9_MC,0.0522,86766.503
C9,P20.H5_MC,0.0683,0
C9,P20.H5_MC,0.0663,913.444
C9,P20.H5_MC,0.0663,1826.772
C9,P20.H5_MC,0.0688,2740.112
C9,P20.H5_MC,0.0713,3653.458
C9,P20.H5_MC,0.0699,4566.749
C9,P20.H5_MC,0.0706,5480.064
C9,P20.H5_MC,0.0718,6393.365
C9,P20.H5_MC,0.0747,7306.725
C9,P20.H5_MC,0.079,8220.029
C9,P20.H5_MC,0.0847,9133.368
C9,P20.H5_MC,0.0937,10046.679
C9,P20.H5_MC,0.108,10960.013
C9,P20.H5_MC,0.1271,11873.355
C9,P20.H5_MC,0.1557,12786.673
C9,P20.H5_MC,0.1928,13700.011
C9,P20.H5_MC,0.2223,14613.35
C9,P20.H5_MC,0.265,15526.682
C9,P20.H5_MC,0.3003,16440.01
C9,P20.H5_MC,0.3386,17353.331
C9,P20.H5_MC,0.3716,18266.651
C9,P20.H5_MC,0.4089,19180.003
C9,P20.H5_MC,0.4324,20093.344
C9,P20.H5_MC,0.4548,21006.696
C9,P20.H5_MC,0.4745,21920.035
C9,P20.H5_MC,0.5101,22833.357
C9,P20.H5_MC,0.5129,23746.686
C9,P20.H5_MC,0.5347,24660.013
C9,P20.H5_MC,0.5413,25573.297
C9,P20.H5_MC,0.5624,26486.609
C9,P20.H5_MC,0.5577,27399.919
C9,P20.H5_MC,0.561,28313.256
C9,P20.H5_MC,0.563,29226.584
C9,P20.H5_MC,0.5622,30139.934
C9,P20.H5_MC,0.5852,31053.283
C9,P20.H5_MC,0.5822,31966.681
C9,P20.H5_MC,0.5886,32880.034
C9,P20.H5_MC,0.5867,33793.345
C9,P20.H5_MC,0.6034,34706.688
C9,P20.H5_MC,0.6059,35620.004
C9,P20.H5_MC,0.6121,36533.348
C9,P20.H5_MC,0.6029,37446.667
C9,P20.H5_MC,0.6037,38359.961
C9,P20.H5_MC,0.5871,39273.298
C9,P20.H5_MC,0.6059,40186.619
C9,P20.H5_MC,0.5775,41099.964
C9,P20.H5_MC,0.5713,42013.302
C9,P20.H5_MC,0.5324,42926.666
C9,P20.H5_MC,0.5137,43839.971
C9,P20.H5_MC,0.498,44753.313
C9,P20.H5_MC,0.4773,45666.628
C9,P20.H5_MC,0.4738,46579.961
C9,P20.H5_MC,0.4633,47493.281
C9,P20.H5_MC,0.4501,48406.586
C9,P20.H5_MC,0.4448,49319.917
C9,P20.H5_MC,0.4415,50233.266
C9,P20.H5_MC,0.4331,51146.595
C9,P20.H5_MC,0.4362,52059.903
C9,P20.H5_MC,0.4338,52973.178
C9,P20.H5_MC,0.429,53886.505
C9,P20.H5_MC,0.4147,54799.86
C9,P20.H5_MC,0.4079,55713.21
C9,P20.H5_MC,0.3995,56626.569
C9,P20.H5_MC,0.3908,57539.948
C9,P20.H5_MC,0.377,58453.25
C9,P20.H5_MC,0.3626,59366.633
C9,P20.H5_MC,0.3476,60279.936
C9,P20.H5_MC,0.3321,61193.257
C9,P20.H5_MC,0.3114,62106.558
C9,P20.H5_MC,0.2943,63019.877
C9,P20.H5_MC,0.2838,63933.216
C9,P20.H5_MC,0.2656,64846.502
C9,P20.H5_MC,0.2412,65759.79
C9,P20.H5_MC,0.2276,66673.099
C9,P20.H5_MC,0.1989,67586.453
C9,P20.H5_MC,0.174,68499.796
C9,P20.H5_MC,0.1452,69413.162
C9,P20.H5_MC,0.1174,70326.482
C9,P20.H5_MC,0.0927,71239.832
C9,P20.H5_MC,0.0806,72153.16
C9,P20.H5_MC,0.0878,73066.487
C9,P20.H5_MC,0.0732,73979.795
C9,P20.H5_MC,0.0695,74893.108
C9,P20.H5_MC,0.0686,75806.441
C9,P20.H5_MC,0.0597,76719.788
C9,P20.H5_MC,0.0523,77633.117
C9,P20.H5_MC,0.0518,78546.476
C9,P20.H5_MC,0.0505,79459.802
C9,P20.H5_MC,0.0506,80373.122
C9,P20.H5_MC,0.0505,81286.46
C9,P20.H5_MC,0.0507,82199.799
C9,P20.H5_MC,0.0509,83113.097
C9,P20.H5_MC,0.0509,84026.457
C9,P20.H5_MC,0.0508,84939.784
C9,P20.H5_MC,0.0505,85853.125
C9,P20.H5_MC,0.0506,86766.503
C11,P13.D10_MC,0.076,0
C11,P13.D10_MC,0.0775,913.444
C11,P13.D10_MC,0.0793,1826.772
C11,P13.D10_MC,0.082,2740.112
C11,P13.D10_MC,0.0854,3653.458
C11,P13.D10_MC,0.0884,4566.749
C11,P13.D10_MC,0.0921,5480.064
C11,P13.D10_MC,0.097,6393.365
C11,P13.D10_MC,0.1034,7306.725
C11,P13.D10_MC,0.1109,8220.029
C11,P13.D10_MC,0.1206,9133.368
C11,P13.D10_MC,0.1315,10046.679
C11,P13.D10_MC,0.1462,10960.013
C11,P13.D10_MC,0.1622,11873.355
C11,P13.D10_MC,0.1822,12786.673
C11,P13.D10_MC,0.2047,13700.011
C11,P13.D10_MC,0.2344,14613.35
C11,P13.D10_MC,0.2638,15526.682
C11,P13.D10_MC,0.2923,16440.01
C11,P13.D10_MC,0.3245,17353.331
C11,P13.D10_MC,0.3563,18266.651
C11,P13.D10_MC,0.3951,19180.003
C11,P13.D10_MC,0.4226,20093.344
C11,P13.D10_MC,0.4422,21006.696
C11,P13.D10_MC,0.4783,21920.035
C11,P13.D10_MC,0.4966,22833.357
C11,P13.D10_MC,0.5203,23746.686
C11,P13.D10_MC,0.535,24660.013
C11,P13.D10_MC,0.5454,25573.297
C11,P13.D10_MC,0.5578,26486.609
C11,P13.D10_MC,0.5654,27399.919
C11,P13.D10_MC,0.5721,28313.256
C11,P13.D10_MC,0.5806,29226.584
C11,P13.D10_MC,0.585,30139.934
C11,P13.D10_MC,0.5957,31053.283
C11,P13.D10_MC,0.6049,31966.681
C11,P13.D10_MC,0.5997,32880.034
C11,P13.D10_MC,0.6002,33793.345
C11,P13.D10_MC,0.5984,34706.688
C11,P13.D10_MC,0.5928,35620.004
C11,P13.D10_MC,0.5923,36533.348
C11,P13.D10_MC,0.5821,37446.667
C11,P13.D10_MC,0.5785,38359.961
C11,P13.D10_MC,0.5576,39273.298
C11,P13.D10_MC,0.5532,40186.619
C11,P13.D10_MC,0.5348,41099.964
C11,P13.D10_MC,0.5208,42013.302
C11,P13.D10_MC,0.5054,42926.666
C11,P13.D10_MC,0.4967,43839.971
C11,P13.D10_MC,0.491,44753.313
C11,P13.D10_MC,0.4907,45666.628
C11,P13.D10_MC,0.4857,46579.961
C11,P13.D10_MC,0.4836,47493.281
C11,P13.D10_MC,0.48,48406.586
C11,P13.D10_MC,0.4737,49319.917
C11,P13.D10_MC,0.4705,50233.266
C11,P13.D10_MC,0.4667,51146.595
C11,P13.D10_MC,0.4552,52059.903
C11,P13.D10_MC,0.4441,52973.178
C11,P13.D10_MC,0.4286,53886.505
C11,P13.D10_MC,0.4128,54799.86
C11,P13.D10_MC,0.3971,55713.21
C11,P13.D10_MC,0.3788,56626.569
C11,P13.D10_MC,0.358,57539.948
C11,P13.D10_MC,0.3342,58453.25
C11,P13.D10_MC,0.3133,59366.633
C11,P13.D10_MC,0.2935,60279.936
C11,P13.D10_MC,0.2697,61193.257
C11,P13.D10_MC,0.2472,62106.558
C11,P13.D10_MC,0.2232,63019.877
C11,P13.D10_MC,0.196,63933.216
C11,P13.D10_MC,0.167,64846.502
C11,P13.D10_MC,0.1328,65759.79
C11,P13.D10_MC,0.1012,66673.099
C11,P13.D10_MC,0.0836,67586.453
C11,P13.D10_MC,0.0793,68499.796
C11,P13.D10_MC,0.0739,69413.162
C11,P13.D10_MC,0.0705,70326.482
C11,P13.D10_MC,0.0698,71239.832
C11,P13.D10_MC,0.0615,72153.16
C11,P13.D10_MC,0.0535,73066.487
C11,P13.D10_MC,0.051,73979.795
C11,P13.D10_MC,0.0521,74893.108
C11,P13.D10_MC,0.0517,75806.441
C11,P13.D10_MC,0.0511,76719.788
C11,P13.D10_MC,0.0503,77633.117
C11,P13.D10_MC,0.049,78546.476
C11,P13.D10_MC,0.0485,79459.802
C11,P13.D10_MC,0.0483,80373.122
C11,P13.D10_MC,0.0483,81286.46
C11,P13.D10_MC,0.048,82199.799
C11,P13.D10_MC,0.0482,83113.097
C11,P13.D10_MC,0.0561,84026.457
C11,P13.D10_MC,0.0599,84939.784
C11,P13.D10_MC,0.0607,85853.125
C11,P13.D10_MC,0.0609,86766.503
D1,P21.F9,0.0787,0
D1,P21.F9,0.0804,913.444
D1,P21.F9,0.0824,1826.772
D1,P21.F9,0.085,2740.112
D1,P21.F9,0.0878,3653.458
D1,P21.F9,0.0914,4566.749
D1,P21.F9,0.0947,5480.064
D1,P21.F9,0.0979,6393.365
D1,P21.F9,0.1021,7306.725
D1,P21.F9,0.1074,8220.029
D1,P21.F9,0.113,9133.368
D1,P21.F9,0.1195,10046.679
D1,P21.F9,0.1288,10960.013
D1,P21.F9,0.1424,11873.355
D1,P21.F9,0.1616,12786.673
D1,P21.F9,0.1802,13700.011
D1,P21.F9,0.2082,14613.35
D1,P21.F9,0.2332,15526.682
D1,P21.F9,0.2638,16440.01
D1,P21.F9,0.2997,17353.331
D1,P21.F9,0.3314,18266.651
D1,P21.F9,0.3791,19180.003
D1,P21.F9,0.3963,20093.344
D1,P21.F9,0.4307,21006.696
D1,P21.F9,0.4872,21920.035
D1,P21.F9,0.5313,22833.357
D1,P21.F9,0.5571,23746.686
D1,P21.F9,0.591,24660.013
D1,P21.F9,0.622,25573.297
D1,P21.F9,0.669,26486.609
D1,P21.F9,0.6657,27399.919
D1,P21.F9,0.6973,28313.256
D1,P21.F9,0.7047,29226.584
D1,P21.F9,0.7201,30139.934
D1,P21.F9,0.7311,31053.283
D1,P21.F9,0.7516,31966.681
D1,P21.F9,0.7566,32880.034
D1,P21.F9,0.7757,33793.345
D1,P21.F9,0.7714,34706.688
D1,P21.F9,0.7784,35620.004
D1,P21.F9,0.7847,36533.348
D1,P21.F9,0.7894,37446.667
D1,P21.F9,0.7789,38359.961
D1,P21.F9,0.7803,39273.298
D1,P21.F9,0.7615,40186.619
D1,P21.F9,0.7415,41099.964
D1,P21.F9,0.7407,42013.302
D1,P21.F9,0.7174,42926.666
D1,P21.F9,0.7025,43839.971
D1,P21.F9,0.7054,44753.313
D1,P21.F9,0.6792,45666.628
D1,P21.F9,0.6626,46579.961
D1,P21.F9,0.6431,47493.281
D1,P21.F9,0.642,48406.586
D1,P21.F9,0.6097,49319.917
D1,P21.F9,0.5973,50233.266
D1,P21.F9,0.5741,51146.595
D1,P21.F9,0.5612,52059.903
D1,P21.F9,0.5356,52973.178
D1,P21.F9,0.521,53886.505
D1,P21.F9,0.4917,54799.86
D1,P21.F9,0.4779,55713.21
D1,P21.F9,0.444,56626.569
D1,P21.F9,0.4044,57539.948
D1,P21.F9,0.3769,58453.25
D1,P21.F9,0.3504,59366.633
D1,P21.F9,0.3232,60279.936
D1,P21.F9,0.2921,61193.257
D1,P21.F9,0.2635,62106.558
D1,P21.F9,0.2302,63019.877
D1,P21.F9,0.1969,63933.216
D1,P21.F9,0.1592,64846.502
D1,P21.F9,0.1239,65759.79
D1,P21.F9,0.0959,66673.099
D1,P21.F9,0.0845,67586.453
D1,P21.F9,0.0752,68499.796
D1,P21.F9,0.0698,69413.162
D1,P21.F9,0.0712,70326.482
D1,P21.F9,0.0678,71239.832
D1,P21.F9,0.065,72153.16
D1,P21.F9,0.0639,73066.487
D1,P21.F9,0.0628,73979.795
D1,P21.F9,0.0619,74893.108
D1,P21.F9,0.0609,75806.441
D1,P21.F9,0.0602,76719.788
D1,P21.F9,0.0597,77633.117
D1,P21.F9,0.0599,78546.476
D1,P21.F9,0.0614,79459.802
D1,P21.F9,0.058,80373.122
D1,P21.F9,0.0581,81286.46
D1,P21.F9,0.0584,82199.799
D1,P21.F9,0.1754,83113.097
D1,P21.F9,0.2112,84026.457
D1,P21.F9,0.219,84939.784
D1,P21.F9,0.2213,85853.125
D1,P21.F9,0.2223,86766.503
D6,P22.B2,0.0645,0
D6,P22.B2,0.0634,913.444
D6,P22.B2,0.0646,1826.772
D6,P22.B2,0.068,2740.112
D6,P22.B2,0.0684,3653.458
D6,P22.B2,0.0686,4566.749
D6,P22.B2,0.0698,5480.064
D6,P22.B2,0.0721,6393.365
D6,P22.B2,0.0748,7306.725
D6,P22.B2,0.0782,8220.029
D6,P22.B2,0.0828,9133.368
D6,P22.B2,0.0889,10046.679
D6,P22.B2,0.0989,10960.013
D6,P22.B2,0.1139,11873.355
D6,P22.B2,0.1351,12786.673
D6,P22.B2,0.1644,13700.011
D6,P22.B2,0.1969,14613.35
D6,P22.B2,0.2299,15526.682
D6,P22.B2,0.2667,16440.01
D6,P22.B2,0.2962,17353.331
D6,P22.B2,0.3258,18266.651
D6,P22.B2,0.3527,19180.003
D6,P22.B2,0.376,20093.344
D6,P22.B2,0.3962,21006.696
D6,P22.B2,0.4248,21920.035
D6,P22.B2,0.4451,22833.357
D6,P22.B2,0.4831,23746.686
D6,P22.B2,0.5071,24660.013
D6,P22.B2,0.5115,25573.297
D6,P22.B2,0.5156,26486.609
D6,P22.B2,0.5182,27399.919
D6,P22.B2,0.5367,28313.256
D6,P22.B2,0.5413,29226.584
D6,P22.B2,0.5416,30139.934
D6,P22.B2,0.5572,31053.283
D6,P22.B2,0.5566,31966.681
D6,P22.B2,0.5572,32880.034
D6,P22.B2,0.5872,33793.345
D6,P22.B2,0.5755,34706.688
D6,P22.B2,0.5684,35620.004
D6,P22.B2,0.5893,36533.348
D6,P22.B2,0.5944,37446.667
D6,P22.B2,0.5907,38359.961
D6,P22.B2,0.5934,39273.298
D6,P22.B2,0.6014,40186.619
D6,P22.B2,0.5853,41099.964
D6,P22.B2,0.6,42013.302
D6,P22.B2,0.589,42926.666
D6,P22.B2,0.5777,43839.971
D6,P22.B2,0.5773,44753.313
D6,P22.B2,0.5481,45666.628
D6,P22.B2,0.5246,46579.961
D6,P22.B2,0.5169,47493.281
D6,P22.B2,0.4982,48406.586
D6,P22.B2,0.4882,49319.917
D6,P22.B2,0.4727,50233.266
D6,P22.B2,0.4652,51146.595
D6,P22.B2,0.453,52059.903
D6,P22.B2,0.4323,52973.178
D6,P22.B2,0.4146,53886.505
D6,P22.B2,0.4008,54799.86
D6,P22.B2,0.3837,55713.21
D6,P22.B2,0.3612,56626.569
D6,P22.B2,0.3475,57539.948
D6,P22.B2,0.3345,58453.25
D6,P22.B2,0.3225,59366.633
D6,P22.B2,0.3246,60279.936
D6,P22.B2,0.2804,61193.257
D6,P22.B2,0.2685,62106.558
D6,P22.B2,0.2496,63019.877
D6,P22.B2,0.23,63933.216
D6,P22.B2,0.2139,64846.502
D6,P22.B2,0.1895,65759.79
D6,P22.B2,0.1686,66673.099
D6,P22.B2,0.1457,67586.453
D6,P22.B2,0.1261,68499.796
D6,P22.B2,0.1004,69413.162
D6,P22.B2,0.0888,70326.482
D6,P22.B2,0.0873,71239.832
D6,P22.B2,0.0734,72153.16
D6,P22.B2,0.0672,73066.487
D6,P22.B2,0.0623,73979.795
D6,P22.B2,0.0566,74893.108
D6,P22.B2,0.0482,75806.441
D6,P22.B2,0.0488,76719.788
D6,P22.B2,0.0481,77633.117
D6,P22.B2,0.0468,78546.476
D6,P22.B2,0.0459,79459.802
D6,P22.B2,0.0448,80373.122
D6,P22.B2,0.0445,81286.46
D6,P22.B2,0.0447,82199.799
D6,P22.B2,0.0451,83113.097
D6,P22.B2,0.0445,84026.457
D6,P22.B2,0.0446,84939.784
D6,P22.B2,0.0451,85853.125
D6,P22.B2,0.0465,86766.503
D8,P22.B2_MC,0.0684,0
D8,P22.B2_MC,0.0691,913.444
D8,P22.B2_MC,0.07,1826.772
D8,P22.B2_MC,0.0725,2740.112
D8,P22.B2_MC,0.0734,3653.458
D8,P22.B2_MC,0.0737,4566.749
D8,P22.B2_MC,0.0746,5480.064
D8,P22.B2_MC,0.0768,6393.365
D8,P22.B2_MC,0.0792,7306.725
D8,P22.B2_MC,0.0825,8220.029
D8,P22.B2_MC,0.0866,9133.368
D8,P22.B2_MC,0.092,10046.679
D8,P22.B2_MC,0.1007,10960.013
D8,P22.B2_MC,0.1127,11873.355
D8,P22.B2_MC,0.1293,12786.673
D8,P22.B2_MC,0.1534,13700.011
D8,P22.B2_MC,0.1784,14613.35
D8,P22.B2_MC,0.2051,15526.682
D8,P22.B2_MC,0.229,16440.01
D8,P22.B2_MC,0.2511,17353.331
D8,P22.B2_MC,0.2739,18266.651
D8,P22.B2_MC,0.2986,19180.003
D8,P22.B2_MC,0.3211,20093.344
D8,P22.B2_MC,0.3429,21006.696
D8,P22.B2_MC,0.363,21920.035
D8,P22.B2_MC,0.3808,22833.357
D8,P22.B2_MC,0.4088,23746.686
D8,P22.B2_MC,0.4224,24660.013
D8,P22.B2_MC,0.4315,25573.297
D8,P22.B2_MC,0.4439,26486.609
D8,P22.B2_MC,0.4421,27399.919
D8,P22.B2_MC,0.4598,28313.256
D8,P22.B2_MC,0.4579,29226.584
D8,P22.B2_MC,0.4585,30139.934
D8,P22.B2_MC,0.4747,31053.283
D8,P22.B2_MC,0.4828,31966.681
D8,P22.B2_MC,0.4749,32880.034
D8,P22.B2_MC,0.4839,33793.345
D8,P22.B2_MC,0.4933,34706.688
D8,P22.B2_MC,0.4837,35620.004
D8,P22.B2_MC,0.4954,36533.348
D8,P22.B2_MC,0.496,37446.667
D8,P22.B2_MC,0.4931,38359.961
D8,P22.B2_MC,0.4874,39273.298
D8,P22.B2_MC,0.4833,40186.619
D8,P22.B2_MC,0.4728,41099.964
D8,P22.B2_MC,0.4826,42013.302
D8,P22.B2_MC,0.4583,42926.666
D8,P22.B2_MC,0.4346,43839.971
D8,P22.B2_MC,0.4272,44753.313
D8,P22.B2_MC,0.4084,45666.628
D8,P22.B2_MC,0.3961,46579.961
D8,P22.B2_MC,0.3813,47493.281
D8,P22.B2_MC,0.3733,48406.586
D8,P22.B2_MC,0.3632,49319.917
D8,P22.B2_MC,0.3532,50233.266
D8,P22.B2_MC,0.3431,51146.595
D8,P22.B2_MC,0.3296,52059.903
D8,P22.B2_MC,0.3188,52973.178
D8,P22.B2_MC,0.3061,53886.505
D8,P22.B2_MC,0.2944,54799.86
D8,P22.B2_MC,0.2822,55713.21
D8,P22.B2_MC,0.2701,56626.569
D8,P22.B2_MC,0.2567,57539.948
D8,P22.B2_MC,0.2652,58453.25
D8,P22.B2_MC,0.2329,59366.633
D8,P22.B2_MC,0.2217,60279.936
D8,P22.B2_MC,0.2024,61193.257
D8,P22.B2_MC,0.1911,62106.558
D8,P22.B2_MC,0.1783,63019.877
D8,P22.B2_MC,0.1653,63933.216
D8,P22.B2_MC,0.1466,64846.502
D8,P22.B2_MC,0.1267,65759.79
D8,P22.B2_MC,0.1084,66673.099
D8,P22.B2_MC,0.0865,67586.453
D8,P22.B2_MC,0.0754,68499.796
D8,P22.B2_MC,0.0691,69413.162
D8,P22.B2_MC,0.0662,70326.482
D8,P22.B2_MC,0.0654,71239.832
D8,P22.B2_MC,0.063,72153.16
D8,P22.B2_MC,0.057,73066.487
D8,P22.B2_MC,0.0528,73979.795
D8,P22.B2_MC,0.0545,74893.108
D8,P22.B2_MC,0.055,75806.441
D8,P22.B2_MC,0.0543,76719.788
D8,P22.B2_MC,0.053,77633.117
D8,P22.B2_MC,0.0517,78546.476
D8,P22.B2_MC,0.0514,79459.802
D8,P22.B2_MC,0.0509,80373.122
D8,P22.B2_MC,0.051,81286.46
D8,P22.B2_MC,0.0508,82199.799
D8,P22.B2_MC,0.0507,83113.097
D8,P22.B2_MC,0.0509,84026.457
D8,P22.B2_MC,0.0548,84939.784
D8,P22.B2_MC,0.0628,85853.125
D8,P22.B2_MC,0.0634,86766.503
D10,LB_MC,0.0551,0
D10,LB_MC,0.0552,913.444
D10,LB_MC,0.0551,1826.772
D10,LB_MC,0.0555,2740.112
D10,LB_MC,0.0556,3653.458
D10,LB_MC,0.0554,4566.749
D10,LB_MC,0.0555,5480.064
D10,LB_MC,0.0555,6393.365
D10,LB_MC,0.0556,7306.725
D10,LB_MC,0.0556,8220.029
D10,LB_MC,0.0556,9133.368
D10,LB_MC,0.0555,10046.679
D10,LB_MC,0.0557,10960.013
D10,LB_MC,0.0556,11873.355
D10,LB_MC,0.0557,12786.673
D10,LB_MC,0.0556,13700.011
D10,LB_MC,0.0558,14613.35
D10,LB_MC,0.056,15526.682
D10,LB_MC,0.0566,16440.01
D10,LB_MC,0.0569,17353.331
D10,LB_MC,0.0572,18266.651
D10,LB_MC,0.0564,19180.003
D10,LB_MC,0.0561,20093.344
D10,LB_MC,0.0563,21006.696
D10,LB_MC,0.0575,21920.035
D10,LB_MC,0.0564,22833.357
D10,LB_MC,0.057,23746.686
D10,LB_MC,0.057,24660.013
D10,LB_MC,0.0568,25573.297
D10,LB_MC,0.0631,26486.609
D10,LB_MC,0.0629,27399.919
D10,LB_MC,0.0568,28313.256
D10,LB_MC,0.0636,29226.584
D10,LB_MC,0.0598,30139.934
D10,LB_MC,0.06,31053.283
D10,LB_MC,0.0594,31966.681
D10,LB_MC,0.0567,32880.034
D10,LB_MC,0.0615,33793.345
D10,LB_MC,0.057,34706.688
D10,LB_MC,0.0567,35620.004
D10,LB_MC,0.0571,36533.348
D10,LB_MC,0.0569,37446.667
D10,LB_MC,0.0569,38359.961
D10,LB_MC,0.0558,39273.298
D10,LB_MC,0.0563,40186.619
D10,LB_MC,0.0554,41099.964
D10,LB_MC,0.0555,42013.302
D10,LB_MC,0.0557,42926.666
D10,LB_MC,0.0563,43839.971
D10,LB_MC,0.0556,44753.313
D10,LB_MC,0.0556,45666.628
D10,LB_MC,0.0555,46579.961
D10,LB_MC,0.0556,47493.281
D10,LB_MC,0.0556,48406.586
D10,LB_MC,0.0553,49319.917
D10,LB_MC,0.0552,50233.266
D10,LB_MC,0.0551,51146.595
D10,LB_MC,0.0552,52059.903
D10,LB_MC,0.0551,52973.178
D10,LB_MC,0.055,53886.505
D10,LB_MC,0.0545,54799.86
D10,LB_MC,0.0542,55713.21
D10,LB_MC,0.0546,56626.569
D10,LB_MC,0.055,57539.948
D10,LB_MC,0.0531,58453.25
D10,LB_MC,0.0525,59366.633
D10,LB_MC,0.0524,60279.936
D10,LB_MC,0.052,61193.257
D10,LB_MC,0.0519,62106.558
D10,LB_MC,0.0522,63019.877
D10,LB_MC,0.0521,63933.216
D10,LB_MC,0.0524,64846.502
D10,LB_MC,0.0527,65759.79
D10,LB_MC,0.0529,66673.099
D10,LB_MC,0.0533,67586.453
D10,LB_MC,0.0532,68499.796
D10,LB_MC,0.0534,69413.162
D10,LB_MC,0.053,70326.482
D10,LB_MC,0.0528,71239.832
D10,LB_MC,0.0527,72153.16
D10,LB_MC,0.0527,73066.487
D10,LB_MC,0.0527,73979.795
D10,LB_MC,0.0529,74893.108
D10,LB_MC,0.052,75806.441
D10,LB_MC,0.0528,76719.788
D10,LB_MC,0.0565,77633.117
D10,LB_MC,0.0555,78546.476
D10,LB_MC,0.0526,79459.802
D10,LB_MC,0.0502,80373.122
D10,LB_MC,0.0494,81286.46
D10,LB_MC,0.0507,82199.799
D10,LB_MC,0.0519,83113.097
D10,LB_MC,0.0504,84026.457
D10,LB_MC,0.0506,84939.784
D10,LB_MC,0.0525,85853.125
D10,LB_MC,0.0603,86766.503
E2,P21.F9,0.072,0
E2,P21.F9,0.0734,913.444
E2,P21.F9,0.0748,1826.772
E2,P21.F9,0.0764,2740.112
E2,P21.F9,0.0792,3653.458
E2,P21.F9,0.0819,4566.749
E2,P21.F9,0.0844,5480.064
E2,P21.F9,0.0877,6393.365
E2,P21.F9,0.0914,7306.725
E2,P21.F9,0.0953,8220.029
E2,P21.F9,0.1005,9133.368
E2,P21.F9,0.1064,10046.679
E2,P21.F9,0.1135,10960.013
E2,P21.F9,0.1221,11873.355
E2,P21.F9,0.1312,12786.673
E2,P21.F9,0.143,13700.011
E2,P21.F9,0.1544,14613.35
E2,P21.F9,0.1693,15526.682
E2,P21.F9,0.1857,16440.01
E2,P21.F9,0.2041,17353.331
E2,P21.F9,0.2232,18266.651
E2,P21.F9,0.2467,19180.003
E2,P21.F9,0.2698,20093.344
E2,P21.F9,0.2874,21006.696
E2,P21.F9,0.3159,21920.035
E2,P21.F9,0.3476,22833.357
E2,P21.F9,0.3792,23746.686
E2,P21.F9,0.4042,24660.013
E2,P21.F9,0.4192,25573.297
E2,P21.F9,0.4393,26486.609
E2,P21.F9,0.4509,27399.919
E2,P21.F9,0.4563,28313.256
E2,P21.F9,0.4602,29226.584
E2,P21.F9,0.459,30139.934
E2,P21.F9,0.4534,31053.283
E2,P21.F9,0.4549,31966.681
E2,P21.F9,0.4614,32880.034
E2,P21.F9,0.4535,33793.345
E2,P21.F9,0.4427,34706.688
E2,P21.F9,0.4282,35620.004
E2,P21.F9,0.4162,36533.348
E2,P21.F9,0.3979,37446.667
E2,P21.F9,0.3904,38359.961
E2,P21.F9,0.3851,39273.298
E2,P21.F9,0.3916,40186.619
E2,P21.F9,0.3757,41099.964
E2,P21.F9,0.3724,42013.302
E2,P21.F9,0.3674,42926.666
E2,P21.F9,0.3666,43839.971
E2,P21.F9,0.3599,44753.313
E2,P21.F9,0.3543,45666.628
E2,P21.F9,0.348,46579.961
E2,P21.F9,0.3375,47493.281
E2,P21.F9,0.3266,48406.586
E2,P21.F9,0.3075,49319.917
E2,P21.F9,0.2938,50233.266
E2,P21.F9,0.2744,51146.595
E2,P21.F9,0.2603,52059.903
E2,P21.F9,0.2401,52973.178
E2,P21.F9,0.2267,53886.505
E2,P21.F9,0.212,54799.86
E2,P21.F9,0.1909,55713.21
E2,P21.F9,0.1724,56626.569
E2,P21.F9,0.155,57539.948
E2,P21.F9,0.1361,58453.25
E2,P21.F9,0.1149,59366.633
E2,P21.F9,0.0937,60279.936
E2,P21.F9,0.0792,61193.257
E2,P21.F9,0.0751,62106.558
E2,P21.F9,0.0697,63019.877
E2,P21.F9,0.0634,63933.216
E2,P21.F9,0.0567,64846.502
E2,P21.F9,0.0514,65759.79
E2,P21.F9,0.0481,66673.099
E2,P21.F9,0.0487,67586.453
E2,P21.F9,0.0488,68499.796
E2,P21.F9,0.0489,69413.162
E2,P21.F9,0.0487,70326.482
E2,P21.F9,0.0491,71239.832
E2,P21.F9,0.049,72153.16
E2,P21.F9,0.0494,73066.487
E2,P21.F9,0.0493,73979.795
E2,P21.F9,0.0495,74893.108
E2,P21.F9,0.0498,75806.441
E2,P21.F9,0.0681,76719.788
E2,P21.F9,0.0755,77633.117
E2,P21.F9,0.078,78546.476
E2,P21.F9,0.0801,79459.802
E2,P21.F9,0.0811,80373.122
E2,P21.F9,0.0816,81286.46
E2,P21.F9,0.0822,82199.799
E2,P21.F9,0.0823,83113.097
E2,P21.F9,0.0824,84026.457
E2,P21.F9,0.0825,84939.784
E2,P21.F9,0.0827,85853.125
E2,P21.F9,0.0826,86766.503
E4,P13.D10,0.0757,0
E4,P13.D10,0.0779,913.444
E4,P13.D10,0.0795,1826.772
E4,P13.D10,0.0823,2740.112
E4,P13.D10,0.0861,3653.458
E4,P13.D10,0.0908,4566.749
E4,P13.D10,0.0957,5480.064
E4,P13.D10,0.1015,6393.365
E4,P13.D10,0.1077,7306.725
E4,P13.D10,0.115,8220.029
E4,P13.D10,0.1241,9133.368
E4,P13.D10,0.135,10046.679
E4,P13.D10,0.1481,10960.013
E4,P13.D10,0.1646,11873.355
E4,P13.D10,0.1817,12786.673
E4,P13.D10,0.1985,13700.011
E4,P13.D10,0.2201,14613.35
E4,P13.D10,0.2454,15526.682
E4,P13.D10,0.267,16440.01
E4,P13.D10,0.2914,17353.331
E4,P13.D10,0.3205,18266.651
E4,P13.D10,0.3556,19180.003
E4,P13.D10,0.3739,20093.344
E4,P13.D10,0.402,21006.696
E4,P13.D10,0.4175,21920.035
E4,P13.D10,0.4532,22833.357
E4,P13.D10,0.481,23746.686
E4,P13.D10,0.489,24660.013
E4,P13.D10,0.4878,25573.297
E4,P13.D10,0.4907,26486.609
E4,P13.D10,0.5086,27399.919
E4,P13.D10,0.5137,28313.256
E4,P13.D10,0.4999,29226.584
E4,P13.D10,0.4914,30139.934
E4,P13.D10,0.471,31053.283
E4,P13.D10,0.4225,31966.681
E4,P13.D10,0.4115,32880.034
E4,P13.D10,0.3863,33793.345
E4,P13.D10,0.3503,34706.688
E4,P13.D10,0.342,35620.004
E4,P13.D10,0.3166,36533.348
E4,P13.D10,0.3028,37446.667
E4,P13.D10,0.2862,38359.961
E4,P13.D10,0.2758,39273.298
E4,P13.D10,0.2604,40186.619
E4,P13.D10,0.248,41099.964
E4,P13.D10,0.2418,42013.302
E4,P13.D10,0.2334,42926.666
E4,P13.D10,0.2246,43839.971
E4,P13.D10,0.2192,44753.313
E4,P13.D10,0.2117,45666.628
E4,P13.D10,0.2044,46579.961
E4,P13.D10,0.1987,47493.281
E4,P13.D10,0.1934,48406.586
E4,P13.D10,0.1876,49319.917
E4,P13.D10,0.1809,50233.266
E4,P13.D10,0.1738,51146.595
E4,P13.D10,0.1684,52059.903
E4,P13.D10,0.1634,52973.178
E4,P13.D10,0.1522,53886.505
E4,P13.D10,0.1416,54799.86
E4,P13.D10,0.1358,55713.21
E4,P13.D10,0.1302,56626.569
E4,P13.D10,0.1234,57539.948
E4,P13.D10,0.119,58453.25
E4,P13.D10,0.1118,59366.633
E4,P13.D10,0.1044,60279.936
E4,P13.D10,0.0966,61193.257
E4,P13.D10,0.0892,62106.558
E4,P13.D10,0.0815,63019.877
E4,P13.D10,0.0725,63933.216
E4,P13.D10,0.0625,64846.502
E4,P13.D10,0.057,65759.79
E4,P13.D10,0.0539,66673.099
E4,P13.D10,0.052,67586.453
E4,P13.D10,0.0511,68499.796
E4,P13.D10,0.0487,69413.162
E4,P13.D10,0.0451,70326.482
E4,P13.D10,0.0448,71239.832
E4,P13.D10,0.0449,72153.16
E4,P13.D10,0.0451,73066.487
E4,P13.D10,0.0454,73979.795
E4,P13.D10,0.046,74893.108
E4,P13.D10,0.0469,75806.441
E4,P13.D10,0.0476,76719.788
E4,P13.D10,0.0484,77633.117
E4,P13.D10,0.0491,78546.476
E4,P13.D10,0.0472,79459.802
E4,P13.D10,0.0478,80373.122
E4,P13.D10,0.0493,81286.46
E4,P13.D10,0.057,82199.799
E4,P13.D10,0.0577,83113.097
E4,P13.D10,0.0578,84026.457
E4,P13.D10,0.0578,84939.784
E4,P13.D10,0.0579,85853.125
E4,P13.D10,0.0581,86766.503
E11,P20.H5_MC,0.0654,0
E11,P20.H5_MC,0.0637,913.444
E11,P20.H5_MC,0.0642,1826.772
E11,P20.H5_MC,0.0669,2740.112
E11,P20.H5_MC,0.0683,3653.458
E11,P20.H5_MC,0.0679,4566.749
E11,P20.H5_MC,0.0687,5480.064
E11,P20.H5_MC,0.0705,6393.365
E11,P20.H5_MC,0.0737,7306.725
E11,P20.H5_MC,0.0787,8220.029
E11,P20.H5_MC,0.0859,9133.368
E11,P20.H5_MC,0.0957,10046.679
E11,P20.H5_MC,0.1108,10960.013
E11,P20.H5_MC,0.13,11873.355
E11,P20.H5_MC,0.1567,12786.673
E11,P20.H5_MC,0.1908,13700.011
E11,P20.H5_MC,0.2188,14613.35
E11,P20.H5_MC,0.251,15526.682
E11,P20.H5_MC,0.2852,16440.01
E11,P20.H5_MC,0.3207,17353.331
E11,P20.H5_MC,0.3587,18266.651
E11,P20.H5_MC,0.3913,19180.003
E11,P20.H5_MC,0.4277,20093.344
E11,P20.H5_MC,0.4509,21006.696
E11,P20.H5_MC,0.4742,21920.035
E11,P20.H5_MC,0.5018,22833.357
E11,P20.H5_MC,0.5237,23746.686
E11,P20.H5_MC,0.5451,24660.013
E11,P20.H5_MC,0.5329,25573.297
E11,P20.H5_MC,0.5483,26486.609
E11,P20.H5_MC,0.5582,27399.919
E11,P20.H5_MC,0.5719,28313.256
E11,P20.H5_MC,0.5645,29226.584
E11,P20.H5_MC,0.5848,30139.934
E11,P20.H5_MC,0.5977,31053.283
E11,P20.H5_MC,0.5954,31966.681
E11,P20.H5_MC,0.6225,32880.034
E11,P20.H5_MC,0.6052,33793.345
E11,P20.H5_MC,0.6155,34706.688
E11,P20.H5_MC,0.6328,35620.004
E11,P20.H5_MC,0.627,36533.348
E11,P20.H5_MC,0.6309,37446.667
E11,P20.H5_MC,0.5968,38359.961
E11,P20.H5_MC,0.5989,39273.298
E11,P20.H5_MC,0.5698,40186.619
E11,P20.H5_MC,0.5651,41099.964
E11,P20.H5_MC,0.5433,42013.302
E11,P20.H5_MC,0.5188,42926.666
E11,P20.H5_MC,0.5031,43839.971
E11,P20.H5_MC,0.4868,44753.313
E11,P20.H5_MC,0.4689,45666.628
E11,P20.H5_MC,0.4621,46579.961
E11,P20.H5_MC,0.456,47493.281
E11,P20.H5_MC,0.4497,48406.586
E11,P20.H5_MC,0.4429,49319.917
E11,P20.H5_MC,0.4347,50233.266
E11,P20.H5_MC,0.429,51146.595
E11,P20.H5_MC,0.4219,52059.903
E11,P20.H5_MC,0.4138,52973.178
E11,P20.H5_MC,0.4062,53886.505
E11,P20.H5_MC,0.3957,54799.86
E11,P20.H5_MC,0.3813,55713.21
E11,P20.H5_MC,0.3678,56626.569
E11,P20.H5_MC,0.3503,57539.948
E11,P20.H5_MC,0.3335,58453.25
E11,P20.H5_MC,0.31,59366.633
E11,P20.H5_MC,0.2896,60279.936
E11,P20.H5_MC,0.2798,61193.257
E11,P20.H5_MC,0.2514,62106.558
E11,P20.H5_MC,0.232,63019.877
E11,P20.H5_MC,0.2136,63933.216
E11,P20.H5_MC,0.1896,64846.502
E11,P20.H5_MC,0.1636,65759.79
E11,P20.H5_MC,0.1353,66673.099
E11,P20.H5_MC,0.1051,67586.453
E11,P20.H5_MC,0.0802,68499.796
E11,P20.H5_MC,0.0678,69413.162
E11,P20.H5_MC,0.0634,70326.482
E11,P20.H5_MC,0.0628,71239.832
E11,P20.H5_MC,0.0627,72153.16
E11,P20.H5_MC,0.0601,73066.487
E11,P20.H5_MC,0.0524,73979.795
E11,P20.H5_MC,0.0474,74893.108
E11,P20.H5_MC,0.0489,75806.441
E11,P20.H5_MC,0.0472,76719.788
E11,P20.H5_MC,0.0472,77633.117
E11,P20.H5_MC,0.0475,78546.476
E11,P20.H5_MC,0.0476,79459.802
E11,P20.H5_MC,0.0474,80373.122
E11,P20.H5_MC,0.0476,81286.46
E11,P20.H5_MC,0.0471,82199.799
E11,P20.H5_MC,0.0473,83113.097
E11,P20.H5_MC,0.0477,84026.457
E11,P20.H5_MC,0.0559,84939.784
E11,P20.H5_MC,0.0589,85853.125
E11,P20.H5_MC,0.0596,86766.503
F1,P13.D10,0.0929,0
F1,P13.D10,0.0939,913.444
F1,P13.D10,0.0955,1826.772
F1,P13.D10,0.099,2740.112
F1,P13.D10,0.1018,3653.458
F1,P13.D10,0.1065,4566.749
F1,P13.D10,0.1113,5480.064
F1,P13.D10,0.1176,6393.365
F1,P13.D10,0.1249,7306.725
F1,P13.D10,0.1327,8220.029
F1,P13.D10,0.1417,9133.368
F1,P13.D10,0.1539,10046.679
F1,P13.D10,0.1671,10960.013
F1,P13.D10,0.1834,11873.355
F1,P13.D10,0.2009,12786.673
F1,P13.D10,0.2195,13700.011
F1,P13.D10,0.2404,14613.35
F1,P13.D10,0.2647,15526.682
F1,P13.D10,0.2923,16440.01
F1,P13.D10,0.313,17353.331
F1,P13.D10,0.3436,18266.651
F1,P13.D10,0.374,19180.003
F1,P13.D10,0.4025,20093.344
F1,P13.D10,0.4256,21006.696
F1,P13.D10,0.4459,21920.035
F1,P13.D10,0.4573,22833.357
F1,P13.D10,0.4642,23746.686
F1,P13.D10,0.4762,24660.013
F1,P13.D10,0.4797,25573.297
F1,P13.D10,0.471,26486.609
F1,P13.D10,0.4731,27399.919
F1,P13.D10,0.48,28313.256
F1,P13.D10,0.4601,29226.584
F1,P13.D10,0.4672,30139.934
F1,P13.D10,0.4458,31053.283
F1,P13.D10,0.4102,31966.681
F1,P13.D10,0.4011,32880.034
F1,P13.D10,0.3992,33793.345
F1,P13.D10,0.3791,34706.688
F1,P13.D10,0.3652,35620.004
F1,P13.D10,0.3451,36533.348
F1,P13.D10,0.3268,37446.667
F1,P13.D10,0.3157,38359.961
F1,P13.D10,0.3024,39273.298
F1,P13.D10,0.286,40186.619
F1,P13.D10,0.2746,41099.964
F1,P13.D10,0.2613,42013.302
F1,P13.D10,0.2472,42926.666
F1,P13.D10,0.2376,43839.971
F1,P13.D10,0.233,44753.313
F1,P13.D10,0.2253,45666.628
F1,P13.D10,0.22,46579.961
F1,P13.D10,0.2133,47493.281
F1,P13.D10,0.2075,48406.586
F1,P13.D10,0.1994,49319.917
F1,P13.D10,0.1934,50233.266
F1,P13.D10,0.1864,51146.595
F1,P13.D10,0.1785,52059.903
F1,P13.D10,0.1708,52973.178
F1,P13.D10,0.1608,53886.505
F1,P13.D10,0.1522,54799.86
F1,P13.D10,0.1426,55713.21
F1,P13.D10,0.1368,56626.569
F1,P13.D10,0.1294,57539.948
F1,P13.D10,0.1219,58453.25
F1,P13.D10,0.1132,59366.633
F1,P13.D10,0.1054,60279.936
F1,P13.D10,0.0971,61193.257
F1,P13.D10,0.0886,62106.558
F1,P13.D10,0.0799,63019.877
F1,P13.D10,0.074,63933.216
F1,P13.D10,0.0701,64846.502
F1,P13.D10,0.0674,65759.79
F1,P13.D10,0.066,66673.099
F1,P13.D10,0.0642,67586.453
F1,P13.D10,0.0631,68499.796
F1,P13.D10,0.0613,69413.162
F1,P13.D10,0.0632,70326.482
F1,P13.D10,0.064,71239.832
F1,P13.D10,0.0645,72153.16
F1,P13.D10,0.0649,73066.487
F1,P13.D10,0.0647,73979.795
F1,P13.D10,0.0643,74893.108
F1,P13.D10,0.0641,75806.441
F1,P13.D10,0.0641,76719.788
F1,P13.D10,0.0645,77633.117
F1,P13.D10,0.0637,78546.476
F1,P13.D10,0.064,79459.802
F1,P13.D10,0.0714,80373.122
F1,P13.D10,0.0732,81286.46
F1,P13.D10,0.0736,82199.799
F1,P13.D10,0.074,83113.097
F1,P13.D10,0.0739,84026.457
F1,P13.D10,0.0741,84939.784
F1,P13.D10,0.0741,85853.125
F1,P13.D10,0.074,86766.503
F6,P20.H5,0.0662,0
F6,P20.H5,0.0647,913.444
F6,P20.H5,0.065,1826.772
F6,P20.H5,0.0679,2740.112
F6,P20.H5,0.0692,3653.458
F6,P20.H5,0.0683,4566.749
F6,P20.H5,0.0696,5480.064
F6,P20.H5,0.0712,6393.365
F6,P20.H5,0.0743,7306.725
F6,P20.H5,0.0789,8220.029
F6,P20.H5,0.0847,9133.368
F6,P20.H5,0.0931,10046.679
F6,P20.H5,0.106,10960.013
F6,P20.H5,0.1208,11873.355
F6,P20.H5,0.1416,12786.673
F6,P20.H5,0.1673,13700.011
F6,P20.H5,0.1974,14613.35
F6,P20.H5,0.2237,15526.682
F6,P20.H5,0.2535,16440.01
F6,P20.H5,0.2844,17353.331
F6,P20.H5,0.3075,18266.651
F6,P20.H5,0.3252,19180.003
F6,P20.H5,0.3472,20093.344
F6,P20.H5,0.3652,21006.696
F6,P20.H5,0.3734,21920.035
F6,P20.H5,0.3803,22833.357
F6,P20.H5,0.3949,23746.686
F6,P20.H5,0.4224,24660.013
F6,P20.H5,0.4317,25573.297
F6,P20.H5,0.4157,26486.609
F6,P20.H5,0.4212,27399.919
F6,P20.H5,0.4212,28313.256
F6,P20.H5,0.4173,29226.584
F6,P20.H5,0.4159,30139.934
F6,P20.H5,0.4001,31053.283
F6,P20.H5,0.3811,31966.681
F6,P20.H5,0.376,32880.034
F6,P20.H5,0.3674,33793.345
F6,P20.H5,0.36,34706.688
F6,P20.H5,0.3367,35620.004
F6,P20.H5,0.3218,36533.348
F6,P20.H5,0.3274,37446.667
F6,P20.H5,0.3169,38359.961
F6,P20.H5,0.3016,39273.298
F6,P20.H5,0.2863,40186.619
F6,P20.H5,0.2632,41099.964
F6,P20.H5,0.2488,42013.302
F6,P20.H5,0.2304,42926.666
F6,P20.H5,0.2185,43839.971
F6,P20.H5,0.2052,44753.313
F6,P20.H5,0.1927,45666.628
F6,P20.H5,0.1825,46579.961
F6,P20.H5,0.1746,47493.281
F6,P20.H5,0.1666,48406.586
F6,P20.H5,0.1585,49319.917
F6,P20.H5,0.1518,50233.266
F6,P20.H5,0.1469,51146.595
F6,P20.H5,0.1404,52059.903
F6,P20.H5,0.135,52973.178
F6,P20.H5,0.1308,53886.505
F6,P20.H5,0.1235,54799.86
F6,P20.H5,0.1167,55713.21
F6,P20.H5,0.1142,56626.569
F6,P20.H5,0.1065,57539.948
F6,P20.H5,0.1037,58453.25
F6,P20.H5,0.098,59366.633
F6,P20.H5,0.0924,60279.936
F6,P20.H5,0.087,61193.257
F6,P20.H5,0.0812,62106.558
F6,P20.H5,0.0755,63019.877
F6,P20.H5,0.0695,63933.216
F6,P20.H5,0.0643,64846.502
F6,P20.H5,0.0591,65759.79
F6,P20.H5,0.0551,66673.099
F6,P20.H5,0.0531,67586.453
F6,P20.H5,0.0517,68499.796
F6,P20.H5,0.049,69413.162
F6,P20.H5,0.049,70326.482
F6,P20.H5,0.0486,71239.832
F6,P20.H5,0.0469,72153.16
F6,P20.H5,0.0467,73066.487
F6,P20.H5,0.0466,73979.795
F6,P20.H5,0.0472,74893.108
F6,P20.H5,0.0475,75806.441
F6,P20.H5,0.0477,76719.788
F6,P20.H5,0.0476,77633.117
F6,P20.H5,0.0476,78546.476
F6,P20.H5,0.0476,79459.802
F6,P20.H5,0.0474,80373.122
F6,P20.H5,0.0472,81286.46
F6,P20.H5,0.0475,82199.799
F6,P20.H5,0.0525,83113.097
F6,P20.H5,0.0547,84026.457
F6,P20.H5,0.0553,84939.784
F6,P20.H5,0.0556,85853.125
F6,P20.H5,0.0557,86766.503
F9,P13.D10_MC,0.0751,0
F9,P13.D10_MC,0.076,913.444
F9,P13.D10_MC,0.0788,1826.772
F9,P13.D10_MC,0.0809,2740.112
F9,P13.D10_MC,0.0841,3653.458
F9,P13.D10_MC,0.0876,4566.749
F9,P13.D10_MC,0.0915,5480.064
F9,P13.D10_MC,0.097,6393.365
F9,P13.D10_MC,0.1046,7306.725
F9,P13.D10_MC,0.1123,8220.029
F9,P13.D10_MC,0.1212,9133.368
F9,P13.D10_MC,0.1329,10046.679
F9,P13.D10_MC,0.1457,10960.013
F9,P13.D10_MC,0.1636,11873.355
F9,P13.D10_MC,0.1821,12786.673
F9,P13.D10_MC,0.2049,13700.011
F9,P13.D10_MC,0.2325,14613.35
F9,P13.D10_MC,0.2594,15526.682
F9,P13.D10_MC,0.2899,16440.01
F9,P13.D10_MC,0.3281,17353.331
F9,P13.D10_MC,0.3624,18266.651
F9,P13.D10_MC,0.401,19180.003
F9,P13.D10_MC,0.4323,20093.344
F9,P13.D10_MC,0.4573,21006.696
F9,P13.D10_MC,0.4859,21920.035
F9,P13.D10_MC,0.5045,22833.357
F9,P13.D10_MC,0.5238,23746.686
F9,P13.D10_MC,0.5336,24660.013
F9,P13.D10_MC,0.543,25573.297
F9,P13.D10_MC,0.5527,26486.609
F9,P13.D10_MC,0.5626,27399.919
F9,P13.D10_MC,0.5812,28313.256
F9,P13.D10_MC,0.5857,29226.584
F9,P13.D10_MC,0.6024,30139.934
F9,P13.D10_MC,0.6028,31053.283
F9,P13.D10_MC,0.6111,31966.681
F9,P13.D10_MC,0.61,32880.034
F9,P13.D10_MC,0.6049,33793.345
F9,P13.D10_MC,0.6045,34706.688
F9,P13.D10_MC,0.5983,35620.004
F9,P13.D10_MC,0.5871,36533.348
F9,P13.D10_MC,0.5732,37446.667
F9,P13.D10_MC,0.5618,38359.961
F9,P13.D10_MC,0.5514,39273.298
F9,P13.D10_MC,0.5398,40186.619
F9,P13.D10_MC,0.528,41099.964
F9,P13.D10_MC,0.5158,42013.302
F9,P13.D10_MC,0.5072,42926.666
F9,P13.D10_MC,0.5003,43839.971
F9,P13.D10_MC,0.4931,44753.313
F9,P13.D10_MC,0.4861,45666.628
F9,P13.D10_MC,0.48,46579.961
F9,P13.D10_MC,0.4719,47493.281
F9,P13.D10_MC,0.466,48406.586
F9,P13.D10_MC,0.4585,49319.917
F9,P13.D10_MC,0.4491,50233.266
F9,P13.D10_MC,0.4363,51146.595
F9,P13.D10_MC,0.4245,52059.903
F9,P13.D10_MC,0.4091,52973.178
F9,P13.D10_MC,0.386,53886.505
F9,P13.D10_MC,0.3606,54799.86
F9,P13.D10_MC,0.3323,55713.21
F9,P13.D10_MC,0.3119,56626.569
F9,P13.D10_MC,0.2956,57539.948
F9,P13.D10_MC,0.2756,58453.25
F9,P13.D10_MC,0.2552,59366.633
F9,P13.D10_MC,0.2297,60279.936
F9,P13.D10_MC,0.2052,61193.257
F9,P13.D10_MC,0.1773,62106.558
F9,P13.D10_MC,0.1461,63019.877
F9,P13.D10_MC,0.1143,63933.216
F9,P13.D10_MC,0.0923,64846.502
F9,P13.D10_MC,0.0826,65759.79
F9,P13.D10_MC,0.0782,66673.099
F9,P13.D10_MC,0.0731,67586.453
F9,P13.D10_MC,0.0659,68499.796
F9,P13.D10_MC,0.0651,69413.162
F9,P13.D10_MC,0.058,70326.482
F9,P13.D10_MC,0.0507,71239.832
F9,P13.D10_MC,0.0503,72153.16
F9,P13.D10_MC,0.0513,73066.487
F9,P13.D10_MC,0.0518,73979.795
F9,P13.D10_MC,0.0516,74893.108
F9,P13.D10_MC,0.0506,75806.441
F9,P13.D10_MC,0.0502,76719.788
F9,P13.D10_MC,0.0496,77633.117
F9,P13.D10_MC,0.0498,78546.476
F9,P13.D10_MC,0.0496,79459.802
F9,P13.D10_MC,0.049,80373.122
F9,P13.D10_MC,0.0494,81286.46
F9,P13.D10_MC,0.0566,82199.799
F9,P13.D10_MC,0.0576,83113.097
F9,P13.D10_MC,0.0582,84026.457
F9,P13.D10_MC,0.0581,84939.784
F9,P13.D10_MC,0.0583,85853.125
F9,P13.D10_MC,0.0582,86766.503
F11,P21.F9_MC,0.0706,0
F11,P21.F9_MC,0.0707,913.444
F11,P21.F9_MC,0.0715,1826.772
F11,P21.F9_MC,0.0728,2740.112
F11,P21.F9_MC,0.0752,3653.458
F11,P21.F9_MC,0.0783,4566.749
F11,P21.F9_MC,0.0812,5480.064
F11,P21.F9_MC,0.084,6393.365
F11,P21.F9_MC,0.0878,7306.725
F11,P21.F9_MC,0.0926,8220.029
F11,P21.F9_MC,0.0982,9133.368
F11,P21.F9_MC,0.1038,10046.679
F11,P21.F9_MC,0.111,10960.013
F11,P21.F9_MC,0.1198,11873.355
F11,P21.F9_MC,0.1298,12786.673
F11,P21.F9_MC,0.1411,13700.011
F11,P21.F9_MC,0.1549,14613.35
F11,P21.F9_MC,0.1716,15526.682
F11,P21.F9_MC,0.19,16440.01
F11,P21.F9_MC,0.2132,17353.331
F11,P21.F9_MC,0.2319,18266.651
F11,P21.F9_MC,0.2525,19180.003
F11,P21.F9_MC,0.2777,20093.344
F11,P21.F9_MC,0.303,21006.696
F11,P21.F9_MC,0.3266,21920.035
F11,P21.F9_MC,0.3516,22833.357
F11,P21.F9_MC,0.3726,23746.686
F11,P21.F9_MC,0.3988,24660.013
F11,P21.F9_MC,0.4217,25573.297
F11,P21.F9_MC,0.4272,26486.609
F11,P21.F9_MC,0.4406,27399.919
F11,P21.F9_MC,0.4612,28313.256
F11,P21.F9_MC,0.4757,29226.584
F11,P21.F9_MC,0.4749,30139.934
F11,P21.F9_MC,0.4814,31053.283
F11,P21.F9_MC,0.4978,31966.681
F11,P21.F9_MC,0.4993,32880.034
F11,P21.F9_MC,0.4718,33793.345
F11,P21.F9_MC,0.5084,34706.688
F11,P21.F9_MC,0.4972,35620.004
F11,P21.F9_MC,0.4777,36533.348
F11,P21.F9_MC,0.488,37446.667
F11,P21.F9_MC,0.4568,38359.961
F11,P21.F9_MC,0.4603,39273.298
F11,P21.F9_MC,0.4405,40186.619
F11,P21.F9_MC,0.4364,41099.964
F11,P21.F9_MC,0.4208,42013.302
F11,P21.F9_MC,0.4216,42926.666
F11,P21.F9_MC,0.4121,43839.971
F11,P21.F9_MC,0.4077,44753.313
F11,P21.F9_MC,0.4043,45666.628
F11,P21.F9_MC,0.3953,46579.961
F11,P21.F9_MC,0.3905,47493.281
F11,P21.F9_MC,0.3833,48406.586
F11,P21.F9_MC,0.3741,49319.917
F11,P21.F9_MC,0.3641,50233.266
F11,P21.F9_MC,0.3548,51146.595
F11,P21.F9_MC,0.3435,52059.903
F11,P21.F9_MC,0.3267,52973.178
F11,P21.F9_MC,0.3097,53886.505
F11,P21.F9_MC,0.2916,54799.86
F11,P21.F9_MC,0.2733,55713.21
F11,P21.F9_MC,0.2562,56626.569
F11,P21.F9_MC,0.2395,57539.948
F11,P21.F9_MC,0.2245,58453.25
F11,P21.F9_MC,0.2062,59366.633
F11,P21.F9_MC,0.1866,60279.936
F11,P21.F9_MC,0.163,61193.257
F11,P21.F9_MC,0.1393,62106.558
F11,P21.F9_MC,0.1129,63019.877
F11,P21.F9_MC,0.0955,63933.216
F11,P21.F9_MC,0.0842,64846.502
F11,P21.F9_MC,0.078,65759.79
F11,P21.F9_MC,0.0678,66673.099
F11,P21.F9_MC,0.0645,67586.453
F11,P21.F9_MC,0.0631,68499.796
F11,P21.F9_MC,0.0576,69413.162
F11,P21.F9_MC,0.0502,70326.482
F11,P21.F9_MC,0.0494,71239.832
F11,P21.F9_MC,0.0491,72153.16
F11,P21.F9_MC,0.0491,73066.487
F11,P21.F9_MC,0.0491,73979.795
F11,P21.F9_MC,0.0489,74893.108
F11,P21.F9_MC,0.0487,75806.441
F11,P21.F9_MC,0.049,76719.788
F11,P21.F9_MC,0.0489,77633.117
F11,P21.F9_MC,0.0486,78546.476
F11,P21.F9_MC,0.0487,79459.802
F11,P21.F9_MC,0.049,80373.122
F11,P21.F9_MC,0.0556,81286.46
F11,P21.F9_MC,0.0572,82199.799
F11,P21.F9_MC,0.0576,83113.097
F11,P21.F9_MC,0.0578,84026.457
F11,P21.F9_MC,0.0577,84939.784
F11,P21.F9_MC,0.0579,85853.125
F11,P21.F9_MC,0.0579,86766.503
H4,P22.B2,0.062,0
H4,P22.B2,0.0622,913.444
H4,P22.B2,0.0637,1826.772
H4,P22.B2,0.0657,2740.112
H4,P22.B2,0.066,3653.458
H4,P22.B2,0.0663,4566.749
H4,P22.B2,0.0679,5480.064
H4,P22.B2,0.0703,6393.365
H4,P22.B2,0.0737,7306.725
H4,P22.B2,0.0776,8220.029
H4,P22.B2,0.0827,9133.368
H4,P22.B2,0.0906,10046.679
H4,P22.B2,0.1014,10960.013
H4,P22.B2,0.1184,11873.355
H4,P22.B2,0.1391,12786.673
H4,P22.B2,0.1685,13700.011
H4,P22.B2,0.1936,14613.35
H4,P22.B2,0.2153,15526.682
H4,P22.B2,0.2371,16440.01
H4,P22.B2,0.2535,17353.331
H4,P22.B2,0.2808,18266.651
H4,P22.B2,0.2977,19180.003
H4,P22.B2,0.321,20093.344
H4,P22.B2,0.344,21006.696
H4,P22.B2,0.375,21920.035
H4,P22.B2,0.3958,22833.357
H4,P22.B2,0.4234,23746.686
H4,P22.B2,0.4374,24660.013
H4,P22.B2,0.4416,25573.297
H4,P22.B2,0.4585,26486.609
H4,P22.B2,0.4669,27399.919
H4,P22.B2,0.4739,28313.256
H4,P22.B2,0.4769,29226.584
H4,P22.B2,0.486,30139.934
H4,P22.B2,0.4865,31053.283
H4,P22.B2,0.4822,31966.681
H4,P22.B2,0.4949,32880.034
H4,P22.B2,0.4908,33793.345
H4,P22.B2,0.4888,34706.688
H4,P22.B2,0.4938,35620.004
H4,P22.B2,0.483,36533.348
H4,P22.B2,0.4752,37446.667
H4,P22.B2,0.4696,38359.961
H4,P22.B2,0.4557,39273.298
H4,P22.B2,0.4355,40186.619
H4,P22.B2,0.422,41099.964
H4,P22.B2,0.4058,42013.302
H4,P22.B2,0.398,42926.666
H4,P22.B2,0.389,43839.971
H4,P22.B2,0.3763,44753.313
H4,P22.B2,0.3755,45666.628
H4,P22.B2,0.3942,46579.961
H4,P22.B2,0.3469,47493.281
H4,P22.B2,0.3402,48406.586
H4,P22.B2,0.3418,49319.917
H4,P22.B2,0.3231,50233.266
H4,P22.B2,0.3222,51146.595
H4,P22.B2,0.2885,52059.903
H4,P22.B2,0.2788,52973.178
H4,P22.B2,0.25,53886.505
H4,P22.B2,0.2358,54799.86
H4,P22.B2,0.23,55713.21
H4,P22.B2,0.2086,56626.569
H4,P22.B2,0.1905,57539.948
H4,P22.B2,0.1692,58453.25
H4,P22.B2,0.1511,59366.633
H4,P22.B2,0.1313,60279.936
H4,P22.B2,0.1102,61193.257
H4,P22.B2,0.0884,62106.558
H4,P22.B2,0.0746,63019.877
H4,P22.B2,0.0695,63933.216
H4,P22.B2,0.0667,64846.502
H4,P22.B2,0.0614,65759.79
H4,P22.B2,0.058,66673.099
H4,P22.B2,0.0548,67586.453
H4,P22.B2,0.0494,68499.796
H4,P22.B2,0.0488,69413.162
H4,P22.B2,0.0489,70326.482
H4,P22.B2,0.0491,71239.832
H4,P22.B2,0.0488,72153.16
H4,P22.B2,0.0485,73066.487
H4,P22.B2,0.048,73979.795
H4,P22.B2,0.0477,74893.108
H4,P22.B2,0.0473,75806.441
H4,P22.B2,0.0475,76719.788
H4,P22.B2,0.0472,77633.117
H4,P22.B2,0.047,78546.476
H4,P22.B2,0.0542,79459.802
H4,P22.B2,0.0556,80373.122
H4,P22.B2,0.0563,81286.46
H4,P22.B2,0.0565,82199.799
H4,P22.B2,0.0563,83113.097
H4,P22.B2,0.0566,84026.457
H4,P22.B2,0.0565,84939.784
H4,P22.B2,0.0565,85853.125
H4,P22.B2,0.0566,86766.503
H6,P20.H5,0.0728,0
H6,P20.H5,0.0711,913.444
H6,P20.H5,0.0711,1826.772
H6,P20.H5,0.0732,2740.112
H6,P20.H5,0.0748,3653.458
H6,P20.H5,0.0739,4566.749
H6,P20.H5,0.0751,5480.064
H6,P20.H5,0.077,6393.365
H6,P20.H5,0.0799,7306.725
H6,P20.H5,0.0847,8220.029
H6,P20.H5,0.0896,9133.368
H6,P20.H5,0.0973,10046.679
H6,P20.H5,0.1078,10960.013
H6,P20.H5,0.1203,11873.355
H6,P20.H5,0.1375,12786.673
H6,P20.H5,0.1592,13700.011
H6,P20.H5,0.1857,14613.35
H6,P20.H5,0.2064,15526.682
H6,P20.H5,0.2306,16440.01
H6,P20.H5,0.2525,17353.331
H6,P20.H5,0.2797,18266.651
H6,P20.H5,0.3001,19180.003
H6,P20.H5,0.3178,20093.344
H6,P20.H5,0.3333,21006.696
H6,P20.H5,0.3536,21920.035
H6,P20.H5,0.3573,22833.357
H6,P20.H5,0.3696,23746.686
H6,P20.H5,0.3751,24660.013
H6,P20.H5,0.3718,25573.297
H6,P20.H5,0.371,26486.609
H6,P20.H5,0.3741,27399.919
H6,P20.H5,0.363,28313.256
H6,P20.H5,0.3539,29226.584
H6,P20.H5,0.3435,30139.934
H6,P20.H5,0.331,31053.283
H6,P20.H5,0.318,31966.681
H6,P20.H5,0.3124,32880.034
H6,P20.H5,0.3022,33793.345
H6,P20.H5,0.2952,34706.688
H6,P20.H5,0.2884,35620.004
H6,P20.H5,0.2791,36533.348
H6,P20.H5,0.269,37446.667
H6,P20.H5,0.262,38359.961
H6,P20.H5,0.2519,39273.298
H6,P20.H5,0.2422,40186.619
H6,P20.H5,0.2327,41099.964
H6,P20.H5,0.2276,42013.302
H6,P20.H5,0.2156,42926.666
H6,P20.H5,0.2059,43839.971
H6,P20.H5,0.1981,44753.313
H6,P20.H5,0.1899,45666.628
H6,P20.H5,0.1871,46579.961
H6,P20.H5,0.1751,47493.281
H6,P20.H5,0.1709,48406.586
H6,P20.H5,0.1596,49319.917
H6,P20.H5,0.1577,50233.266
H6,P20.H5,0.1489,51146.595
H6,P20.H5,0.1358,52059.903
H6,P20.H5,0.129,52973.178
H6,P20.H5,0.1214,53886.505
H6,P20.H5,0.1175,54799.86
H6,P20.H5,0.1116,55713.21
H6,P20.H5,0.1055,56626.569
H6,P20.H5,0.0982,57539.948
H6,P20.H5,0.0915,58453.25
H6,P20.H5,0.0857,59366.633
H6,P20.H5,0.0788,60279.936
H6,P20.H5,0.0721,61193.257
H6,P20.H5,0.0664,62106.558
H6,P20.H5,0.0626,63019.877
H6,P20.H5,0.0605,63933.216
H6,P20.H5,0.059,64846.502
H6,P20.H5,0.0571,65759.79
H6,P20.H5,0.0547,66673.099
H6,P20.H5,0.0535,67586.453
H6,P20.H5,0.0523,68499.796
H6,P20.H5,0.0534,69413.162
H6,P20.H5,0.0523,70326.482
H6,P20.H5,0.0523,71239.832
H6,P20.H5,0.0537,72153.16
H6,P20.H5,0.0551,73066.487
H6,P20.H5,0.056,73979.795
H6,P20.H5,0.0562,74893.108
H6,P20.H5,0.0552,75806.441
H6,P20.H5,0.0557,76719.788
H6,P20.H5,0.0556,77633.117
H6,P20.H5,0.0548,78546.476
H6,P20.H5,0.0575,79459.802
H6,P20.H5,0.0602,80373.122
H6,P20.H5,0.0607,81286.46
H6,P20.H5,0.061,82199.799
H6,P20.H5,0.0611,83113.097
H6,P20.H5,0.0612,84026.457
H6,P20.H5,0.0611,84939.784
H6,P20.H5,0.0611,85853.125
H6,P20.H5,0.0613,86766.503
H7,LB_MC,0.0515,0
H7,LB_MC,0.0514,913.444
H7,LB_MC,0.0517,1826.772
H7,LB_MC,0.0518,2740.112
H7,LB_MC,0.0519,3653.458
H7,LB_MC,0.0518,4566.749
H7,LB_MC,0.0518,5480.064
H7,LB_MC,0.0518,6393.365
H7,LB_MC,0.0519,7306.725
H7,LB_MC,0.0518,8220.029
H7,LB_MC,0.052,9133.368
H7,LB_MC,0.0517,10046.679
H7,LB_MC,0.0519,10960.013
H7,LB_MC,0.0518,11873.355
H7,LB_MC,0.0518,12786.673
H7,LB_MC,0.0519,13700.011
H7,LB_MC,0.0522,14613.35
H7,LB_MC,0.0521,15526.682
H7,LB_MC,0.0521,16440.01
H7,LB_MC,0.052,17353.331
H7,LB_MC,0.0522,18266.651
H7,LB_MC,0.0519,19180.003
H7,LB_MC,0.052,20093.344
H7,LB_MC,0.052,21006.696
H7,LB_MC,0.052,21920.035
H7,LB_MC,0.0519,22833.357
H7,LB_MC,0.0518,23746.686
H7,LB_MC,0.052,24660.013
H7,LB_MC,0.052,25573.297
H7,LB_MC,0.0519,26486.609
H7,LB_MC,0.0522,27399.919
H7,LB_MC,0.0518,28313.256
H7,LB_MC,0.052,29226.584
H7,LB_MC,0.0522,30139.934
H7,LB_MC,0.0521,31053.283
H7,LB_MC,0.0519,31966.681
H7,LB_MC,0.0516,32880.034
H7,LB_MC,0.0517,33793.345
H7,LB_MC,0.0517,34706.688
H7,LB_MC,0.0517,35620.004
H7,LB_MC,0.0517,36533.348
H7,LB_MC,0.0517,37446.667
H7,LB_MC,0.0516,38359.961
H7,LB_MC,0.0516,39273.298
H7,LB_MC,0.0518,40186.619
H7,LB_MC,0.0516,41099.964
H7,LB_MC,0.0517,42013.302
H7,LB_MC,0.0518,42926.666
H7,LB_MC,0.0517,43839.971
H7,LB_MC,0.0518,44753.313
H7,LB_MC,0.0516,45666.628
H7,LB_MC,0.0517,46579.961
H7,LB_MC,0.0519,47493.281
H7,LB_MC,0.0518,48406.586
H7,LB_MC,0.0516,49319.917
H7,LB_MC,0.0514,50233.266
H7,LB_MC,0.0512,51146.595
H7,LB_MC,0.0514,52059.903
H7,LB_MC,0.0512,52973.178
H7,LB_MC,0.0507,53886.505
H7,LB_MC,0.0502,54799.86
H7,LB_MC,0.0501,55713.21
H7,LB_MC,0.0498,56626.569
H7,LB_MC,0.0491,57539.948
H7,LB_MC,0.0486,58453.25
H7,LB_MC,0.0484,59366.633
H7,LB_MC,0.0487,60279.936
H7,LB_MC,0.0483,61193.257
H7,LB_MC,0.0487,62106.558
H7,LB_MC,0.0488,63019.877
H7,LB_MC,0.0489,63933.216
H7,LB_MC,0.049,64846.502
H7,LB_MC,0.0492,65759.79
H7,LB_MC,0.0495,66673.099
H7,LB_MC,0.0494,67586.453
H7,LB_MC,0.049,68499.796
H7,LB_MC,0.0489,69413.162
H7,LB_MC,0.0486,70326.482
H7,LB_MC,0.0488,71239.832
H7,LB_MC,0.0489,72153.16
H7,LB_MC,0.0482,73066.487
H7,LB_MC,0.0487,73979.795
H7,LB_MC,0.0473,74893.108
H7,LB_MC,0.0511,75806.441
H7,LB_MC,0.0529,76719.788
H7,LB_MC,0.0511,77633.117
H7,LB_MC,0.0482,78546.476
H7,LB_MC,0.0465,79459.802
H7,LB_MC,0.0469,80373.122
H7,LB_MC,0.0474,81286.46
H7,LB_MC,0.0463,82199.799
H7,LB_MC,0.0467,83113.097
H7,LB_MC,0.0483,84026.457
H7,LB_MC,0.056,84939.784
H7,LB_MC,0.0568,85853.125
H7,LB_MC,0.057,86766.503
H8,P20.H5_MC,0.0646,0
H8,P20.H5_MC,0.0634,913.444
H8,P20.H5_MC,0.0638,1826.772
H8,P20.H5_MC,0.0658,2740.112
H8,P20.H5_MC,0.0677,3653.458
H8,P20.H5_MC,0.0676,4566.749
H8,P20.H5_MC,0.0686,5480.064
H8,P20.H5_MC,0.0703,6393.365
H8,P20.H5_MC,0.0737,7306.725
H8,P20.H5_MC,0.0787,8220.029
H8,P20.H5_MC,0.0857,9133.368
H8,P20.H5_MC,0.0957,10046.679
H8,P20.H5_MC,0.1102,10960.013
H8,P20.H5_MC,0.1277,11873.355
H8,P20.H5_MC,0.152,12786.673
H8,P20.H5_MC,0.1813,13700.011
H8,P20.H5_MC,0.2167,14613.35
H8,P20.H5_MC,0.2475,15526.682
H8,P20.H5_MC,0.2773,16440.01
H8,P20.H5_MC,0.3105,17353.331
H8,P20.H5_MC,0.347,18266.651
H8,P20.H5_MC,0.3804,19180.003
H8,P20.H5_MC,0.4137,20093.344
H8,P20.H5_MC,0.4378,21006.696
H8,P20.H5_MC,0.4704,21920.035
H8,P20.H5_MC,0.4888,22833.357
H8,P20.H5_MC,0.512,23746.686
H8,P20.H5_MC,0.5201,24660.013
H8,P20.H5_MC,0.5299,25573.297
H8,P20.H5_MC,0.5362,26486.609
H8,P20.H5_MC,0.5418,27399.919
H8,P20.H5_MC,0.549,28313.256
H8,P20.H5_MC,0.5581,29226.584
H8,P20.H5_MC,0.5594,30139.934
H8,P20.H5_MC,0.5714,31053.283
H8,P20.H5_MC,0.5548,31966.681
H8,P20.H5_MC,0.5777,32880.034
H8,P20.H5_MC,0.571,33793.345
H8,P20.H5_MC,0.5759,34706.688
H8,P20.H5_MC,0.5821,35620.004
H8,P20.H5_MC,0.5716,36533.348
H8,P20.H5_MC,0.5709,37446.667
H8,P20.H5_MC,0.5759,38359.961
H8,P20.H5_MC,0.5574,39273.298
H8,P20.H5_MC,0.5482,40186.619
H8,P20.H5_MC,0.5258,41099.964
H8,P20.H5_MC,0.5096,42013.302
H8,P20.H5_MC,0.4872,42926.666
H8,P20.H5_MC,0.4753,43839.971
H8,P20.H5_MC,0.4615,44753.313
H8,P20.H5_MC,0.453,45666.628
H8,P20.H5_MC,0.4461,46579.961
H8,P20.H5_MC,0.44,47493.281
H8,P20.H5_MC,0.4338,48406.586
H8,P20.H5_MC,0.4272,49319.917
H8,P20.H5_MC,0.4217,50233.266
H8,P20.H5_MC,0.4136,51146.595
H8,P20.H5_MC,0.4047,52059.903
H8,P20.H5_MC,0.396,52973.178
H8,P20.H5_MC,0.3838,53886.505
H8,P20.H5_MC,0.3625,54799.86
H8,P20.H5_MC,0.3368,55713.21
H8,P20.H5_MC,0.3165,56626.569
H8,P20.H5_MC,0.2983,57539.948
H8,P20.H5_MC,0.2811,58453.25
H8,P20.H5_MC,0.2632,59366.633
H8,P20.H5_MC,0.2429,60279.936
H8,P20.H5_MC,0.2246,61193.257
H8,P20.H5_MC,0.1985,62106.558
H8,P20.H5_MC,0.1712,63019.877
H8,P20.H5_MC,0.1447,63933.216
H8,P20.H5_MC,0.1163,64846.502
H8,P20.H5_MC,0.093,65759.79
H8,P20.H5_MC,0.0785,66673.099
H8,P20.H5_MC,0.071,67586.453
H8,P20.H5_MC,0.0672,68499.796
H8,P20.H5_MC,0.0626,69413.162
H8,P20.H5_MC,0.0601,70326.482
H8,P20.H5_MC,0.0548,71239.832
H8,P20.H5_MC,0.0476,72153.16
H8,P20.H5_MC,0.0462,73066.487
H8,P20.H5_MC,0.046,73979.795
H8,P20.H5_MC,0.0464,74893.108
H8,P20.H5_MC,0.0469,75806.441
H8,P20.H5_MC,0.047,76719.788
H8,P20.H5_MC,0.0471,77633.117
H8,P20.H5_MC,0.0472,78546.476
H8,P20.H5_MC,0.047,79459.802
H8,P20.H5_MC,0.0465,80373.122
H8,P20.H5_MC,0.0466,81286.46
H8,P20.H5_MC,0.047,82199.799
H8,P20.H5_MC,0.0552,83113.097
H8,P20.H5_MC,0.057,84026.457
H8,P20.H5_MC,0.0574,84939.784
H8,P20.H5_MC,0.0578,85853.125
H8,P20.H5_MC,0.0577,86766.503
H12,P22.B2_MC,0.062,0
H12,P22.B2_MC,0.0628,913.444
H12,P22.B2_MC,0.0635,1826.772
H12,P22.B2_MC,0.0656,2740.112
H12,P22.B2_MC,0.0658,3653.458
H12,P22.B2_MC,0.0659,4566.749
H12,P22.B2_MC,0.0673,5480.064
H12,P22.B2_MC,0.0698,6393.365
H12,P22.B2_MC,0.073,7306.725
H12,P22.B2_MC,0.0776,8220.029
H12,P22.B2_MC,0.0832,9133.368
H12,P22.B2_MC,0.0913,10046.679
H12,P22.B2_MC,0.1027,10960.013
H12,P22.B2_MC,0.1196,11873.355
H12,P22.B2_MC,0.1408,12786.673
H12,P22.B2_MC,0.1698,13700.011
H12,P22.B2_MC,0.1945,14613.35
H12,P22.B2_MC,0.2183,15526.682
H12,P22.B2_MC,0.2355,16440.01
H12,P22.B2_MC,0.253,17353.331
H12,P22.B2_MC,0.2746,18266.651
H12,P22.B2_MC,0.2976,19180.003
H12,P22.B2_MC,0.3216,20093.344
H12,P22.B2_MC,0.3447,21006.696
H12,P22.B2_MC,0.377,21920.035
H12,P22.B2_MC,0.3983,22833.357
H12,P22.B2_MC,0.4236,23746.686
H12,P22.B2_MC,0.4439,24660.013
H12,P22.B2_MC,0.4579,25573.297
H12,P22.B2_MC,0.4715,26486.609
H12,P22.B2_MC,0.4815,27399.919
H12,P22.B2_MC,0.4936,28313.256
H12,P22.B2_MC,0.4995,29226.584
H12,P22.B2_MC,0.4992,30139.934
H12,P22.B2_MC,0.5074,31053.283
H12,P22.B2_MC,0.4998,31966.681
H12,P22.B2_MC,0.5015,32880.034
H12,P22.B2_MC,0.4991,33793.345
H12,P22.B2_MC,0.4918,34706.688
H12,P22.B2_MC,0.4863,35620.004
H12,P22.B2_MC,0.4727,36533.348
H12,P22.B2_MC,0.4556,37446.667
H12,P22.B2_MC,0.4359,38359.961
H12,P22.B2_MC,0.4089,39273.298
H12,P22.B2_MC,0.3946,40186.619
H12,P22.B2_MC,0.3758,41099.964
H12,P22.B2_MC,0.367,42013.302
H12,P22.B2_MC,0.3545,42926.666
H12,P22.B2_MC,0.3432,43839.971
H12,P22.B2_MC,0.3313,44753.313
H12,P22.B2_MC,0.3195,45666.628
H12,P22.B2_MC,0.3112,46579.961
H12,P22.B2_MC,0.3076,47493.281
H12,P22.B2_MC,0.2951,48406.586
H12,P22.B2_MC,0.3065,49319.917
H12,P22.B2_MC,0.294,50233.266
H12,P22.B2_MC,0.2567,51146.595
H12,P22.B2_MC,0.2654,52059.903
H12,P22.B2_MC,0.234,52973.178
H12,P22.B2_MC,0.222,53886.505
H12,P22.B2_MC,0.2087,54799.86
H12,P22.B2_MC,0.1907,55713.21
H12,P22.B2_MC,0.1837,56626.569
H12,P22.B2_MC,0.1642,57539.948
H12,P22.B2_MC,0.1487,58453.25
H12,P22.B2_MC,0.1237,59366.633
H12,P22.B2_MC,0.1066,60279.936
H12,P22.B2_MC,0.0828,61193.257
H12,P22.B2_MC,0.0757,62106.558
H12,P22.B2_MC,0.0672,63019.877
H12,P22.B2_MC,0.0613,63933.216
H12,P22.B2_MC,0.058,64846.502
H12,P22.B2_MC,0.0553,65759.79
H12,P22.B2_MC,0.0512,66673.099
H12,P22.B2_MC,0.0477,67586.453
H12,P22.B2_MC,0.0466,68499.796
H12,P22.B2_MC,0.0466,69413.162
H12,P22.B2_MC,0.047,70326.482
H12,P22.B2_MC,0.0472,71239.832
H12,P22.B2_MC,0.047,72153.16
H12,P22.B2_MC,0.0466,73066.487
H12,P22.B2_MC,0.0465,73979.795
H12,P22.B2_MC,0.0464,74893.108
H12,P22.B2_MC,0.0461,75806.441
H12,P22.B2_MC,0.0462,76719.788
H12,P22.B2_MC,0.0501,77633.117
H12,P22.B2_MC,0.0544,78546.476
H12,P22.B2_MC,0.0552,79459.802
H12,P22.B2_MC,0.0552,80373.122
H12,P22.B2_MC,0.0555,81286.46
H12,P22.B2_MC,0.0556,82199.799
H12,P22.B2_MC,0.0558,83113.097
H12,P22.B2_MC,0.0559,84026.457
H12,P22.B2_MC,0.0555,84939.784
H12,P22.B2_MC,0.0558,85853.125
H12,P22.B2_MC,0.0559,86766.503